INSERT INTO broker (id,last_name,first_name,phone_num,email,address) VALUES (27043,"Schroeder","Ashly",9625845629,"Ashly.Schroeder@test.com","9377 Bohemia Lane");
INSERT INTO broker (id,last_name,first_name,phone_num,email,address) VALUES (51051,"Mccann","Clarence",5113823971,"Clarence.Mccann@test.com","9043 Crescent St.");
INSERT INTO broker (id,last_name,first_name,phone_num,email,address) VALUES (70839,"Bolton","Jerimiah",7085202276,"Jerimiah.Bolton@test.com","78 Silver Spear St.");
INSERT INTO broker (id,last_name,first_name,phone_num,email,address) VALUES (65928,"Choi","Lina",9768553659,"Lina.Choi@test.com","136 Brickyard Dr.");
INSERT INTO broker (id,last_name,first_name,phone_num,email,address) VALUES (55187,"Wallace","Noah",3227999859,"Noah.Wallace@test.com","7812 Wayne Lane");
INSERT INTO broker (id,last_name,first_name,phone_num,email,address) VALUES (31543,"Cruz","Addyson",1805529823,"Addyson.Cruz@test.com","9407 Trusel Ave.");
INSERT INTO broker (id,last_name,first_name,phone_num,email,address) VALUES (76285,"Gallegos","Daniel",9850786984,"Daniel.Gallegos@test.com","253 Circle Street");
INSERT INTO client (id,last_name,first_name,phone_num,email,address,cash) VALUES (92192,"Baird","Enzo",8245922080,"Enzo.Baird@test.com","7670 E. Liberty Court",82034);
INSERT INTO client (id,last_name,first_name,phone_num,email,address,cash) VALUES (82338,"Acevedo","Thalia",3091476021,"Thalia.Acevedo@test.com","8228 Surrey Street",55983);
INSERT INTO client (id,last_name,first_name,phone_num,email,address,cash) VALUES (19337,"Krueger","Jose",9183388741,"Jose.Krueger@test.com","9990 East Riverview Road",17717);
INSERT INTO client (id,last_name,first_name,phone_num,email,address,cash) VALUES (13512,"Galvan","Agustin",7093796099,"Agustin.Galvan@test.com","445 Dunbar St.",72200);
INSERT INTO client (id,last_name,first_name,phone_num,email,address,cash) VALUES (11466,"Chavez","Erika",2840946032,"Erika.Chavez@test.com","49 Race Drive",31076);
INSERT INTO client (id,last_name,first_name,phone_num,email,address,cash) VALUES (32473,"Richardson","Jaidyn",4042317514,"Jaidyn.Richardson@test.com","662 Airport St.",91786);
INSERT INTO client (id,last_name,first_name,phone_num,email,address,cash) VALUES (53704,"Davenport","Andres",5352385797,"Andres.Davenport@test.com","946 Orchard Street",68014);
INSERT INTO client (id,last_name,first_name,phone_num,email,address,cash) VALUES (87505,"French","Libby",6380251487,"Libby.French@test.com","9338 Mayflower St.",43620);
INSERT INTO client (id,last_name,first_name,phone_num,email,address,cash) VALUES (83886,"Hester","Anika",2691739135,"Anika.Hester@test.com","6 Brickyard Street",2434);
INSERT INTO client (id,last_name,first_name,phone_num,email,address,cash) VALUES (37641,"Wong","Darrell",4029257590,"Darrell.Wong@test.com","7163 Tunnel Street",99828);
INSERT INTO client (id,last_name,first_name,phone_num,email,address,cash) VALUES (25997,"Rush","Shayla",8482174056,"Shayla.Rush@test.com","865 Taylor Ave.",67541);
INSERT INTO client (id,last_name,first_name,phone_num,email,address,cash) VALUES (20163,"Swanson","Josh",8433801684,"Josh.Swanson@test.com","159 Bridge St.",79139);
INSERT INTO client (id,last_name,first_name,phone_num,email,address,cash) VALUES (14687,"Copeland","Emmalee",2085980168,"Emmalee.Copeland@test.com","75 New St.",14447);
INSERT INTO credentials VALUES (27043,"Snarelure","p4ScNtGGL_");
INSERT INTO credentials VALUES (51051,"Skullbone","nv_20Ij#j5");
INSERT INTO credentials VALUES (70839,"Burnblaze","iA9+zgD=df");
INSERT INTO credentials VALUES (65928,"Emberburn","q3MO%H690Z");
INSERT INTO credentials VALUES (55187,"Emberfire","cv1qK^_zEJ");
INSERT INTO credentials VALUES (31543,"Evilember","Sqkei2%vSp");
INSERT INTO credentials VALUES (76285,"Firespawn","i%2QID?k2p");
INSERT INTO credentials VALUES (92192,"Flameblow","uA^l3W=8SW");
INSERT INTO credentials VALUES (82338,"SniperGod","iBem9Y6~TI");
INSERT INTO credentials VALUES (19337,"TalkBomber","ecc=n98Pfg");
INSERT INTO credentials VALUES (13512,"SniperWish","eTeW*cN5lp");
INSERT INTO credentials VALUES (11466,"RavySnake","hFits9*Xo6");
INSERT INTO credentials VALUES (32473,"WebTool","az=Wis80!M");
INSERT INTO credentials VALUES (53704,"TurtleCat","uUjgfu*v4i");
INSERT INTO credentials VALUES (87505,"BlogWobbles","Y%W*Eh47r9");
INSERT INTO credentials VALUES (83886,"LuckyDusty","BjS+dus$X6");
INSERT INTO credentials VALUES (37641,"RumChicken","r97Ya%Pmey");
INSERT INTO credentials VALUES (25997,"StonedTime","n&jjX@z1BU");
INSERT INTO credentials VALUES (20163,"CouchChiller","N5$A*tj3Yp");
INSERT INTO credentials VALUES (14687,"VisualMaster","Gk#PJRoVFW");
INSERT INTO stock VALUES ("XQC",date('now'),-590,93869,34907,0);
INSERT INTO stock VALUES ("XNDXT25NNR",date('now'),4,60057,60542,0);
INSERT INTO stock VALUES ("XNDXT25NNER",date('now'),-429,65437,22546,0);
INSERT INTO stock VALUES ("XNDXT25E",date('now'),-456,85887,40320,0);
INSERT INTO stock VALUES ("XNDXT25",date('now'),872,9123,96387,0);
INSERT INTO stock VALUES ("XNDXS2NNR",date('now'),207,6526,27267,0);
INSERT INTO stock VALUES ("XNDXS2",date('now'),325,49923,82497,0);
INSERT INTO stock VALUES ("XNDXS1NNR",date('now'),200,27797,47890,0);
INSERT INTO stock VALUES ("XNDXS1",date('now'),846,8366,93029,0);
INSERT INTO stock VALUES ("XNDXNNRS3",date('now'),-590,93869,34907,0);
INSERT INTO stock VALUES ("XNDXNNRGBP",date('now'),4,60057,60542,0);
INSERT INTO stock VALUES ("XNDXNNRHKD",date('now'),-429,65437,22546,0);
INSERT INTO stock VALUES ("XNDXNNREUR",date('now'),-456,85887,40320,0);
INSERT INTO stock VALUES ("XNDXNNRCHF",date('now'),872,9123,96387,0);
INSERT INTO stock VALUES ("XNDXNNRCAD",date('now'),207,6526,27267,0);
INSERT INTO stock VALUES ("XNDXL3TR",date('now'),325,49923,82497,0);
INSERT INTO stock VALUES ("XNDXL",date('now'),200,27797,47890,0);
INSERT INTO stock VALUES ("XNDXHKD",date('now'),846,8366,93029,0);
INSERT INTO stock VALUES ("XNDXGBPMH",date('now'),-590,93869,34907,0);
INSERT INTO stock VALUES ("XNDXGBP",date('now'),4,60057,60542,0);
INSERT INTO stock VALUES ("XNDXEURMH",date('now'),-429,65437,22546,0);
INSERT INTO stock VALUES ("XNDXCHFMH",date('now'),-456,85887,40320,0);
INSERT INTO stock VALUES ("XNDXEUR",date('now'),872,9123,96387,0);
INSERT INTO stock VALUES ("XNDXCHF",date('now'),207,6526,27267,0);
INSERT INTO stock VALUES ("XNDXCAD",date('now'),325,49923,82497,0);
INSERT INTO stock VALUES ("XNBINNR",date('now'),200,2779,47890,0);
INSERT INTO stock VALUES ("XCMPNNR",date('now'),846,652234,93029,0);
INSERT INTO relationship (broker_id,client_id) VALUES (31543,92192);
INSERT INTO relationship (broker_id,client_id) VALUES (31543,82338);
INSERT INTO relationship (broker_id,client_id) VALUES (51051,19337);
INSERT INTO relationship (broker_id,client_id) VALUES (51051,13512);
INSERT INTO relationship (broker_id,client_id) VALUES (76285,11466);
INSERT INTO relationship (broker_id,client_id) VALUES (76285,32473);
INSERT INTO relationship (broker_id,client_id) VALUES (65928,53704);
INSERT INTO relationship (broker_id,client_id) VALUES (76285,87505);
INSERT INTO relationship (broker_id,client_id) VALUES (51051,83886);
INSERT INTO relationship (broker_id,client_id) VALUES (51051,37641);
INSERT INTO relationship (broker_id,client_id) VALUES (27043,25997);
INSERT INTO relationship (broker_id,client_id) VALUES (31543,20163);
INSERT INTO relationship (broker_id,client_id) VALUES (76285,14687);
INSERT INTO stock_owned (client_id,stock_name,shares) VALUES (11466,"XNDXT25E",399);
INSERT INTO stock_owned (client_id,stock_name,shares) VALUES (13512,"XNDXT25NNR",623);
INSERT INTO stock_owned (client_id,stock_name,shares) VALUES (11466,"XNDXS1",59);
INSERT INTO stock_owned (client_id,stock_name,shares) VALUES (11466,"XNDXNNRCHF",390);
INSERT INTO stock_owned (client_id,stock_name,shares) VALUES (87505,"XNDXS2",287);
INSERT INTO stock_owned (client_id,stock_name,shares) VALUES (82338,"XNDXS1",212);
INSERT INTO stock_owned (client_id,stock_name,shares) VALUES (25997,"XNDXS2",45);
INSERT INTO stock_owned (client_id,stock_name,shares) VALUES (92192,"XNDXGBP",1);
INSERT INTO stock_owned (client_id,stock_name,shares) VALUES (19337,"XNDXGBP",117);
INSERT INTO stock_owned (client_id,stock_name,shares) VALUES (83886,"XNDXT25",635);
INSERT INTO stock_owned (client_id,stock_name,shares) VALUES (92192,"XNDXL3TR",242);
INSERT INTO stock_owned (client_id,stock_name,shares) VALUES (92192,"XNDXS1NNR",79);
INSERT INTO stock_owned (client_id,stock_name,shares) VALUES (53704,"XNDXT25",548);
INSERT INTO stock_owned (client_id,stock_name,shares) VALUES (87505,"XNDXEUR",944);
INSERT INTO stock_owned (client_id,stock_name,shares) VALUES (53704,"XNDXS1NNR",35);
INSERT INTO stock_owned (client_id,stock_name,shares) VALUES (83886,"XNDXT25",786);
INSERT INTO stock_owned (client_id,stock_name,shares) VALUES (11466,"XNDXEUR",626);
INSERT INTO stock_owned (client_id,stock_name,shares) VALUES (32473,"XCMPNNR",495);
INSERT INTO stock_owned (client_id,stock_name,shares) VALUES (32473,"XCMPNNR",666);
INSERT INTO stock_owned (client_id,stock_name,shares) VALUES (87505,"XCMPNNR",659);
INSERT INTO stock_owned (client_id,stock_name,shares) VALUES (83886,"XNDXNNRGBP",722);
INSERT INTO stock_owned (client_id,stock_name,shares) VALUES (87505,"XNDXS1",2);
INSERT INTO stock_owned (client_id,stock_name,shares) VALUES (20163,"XNDXEURMH",300);
INSERT INTO stock_owned (client_id,stock_name,shares) VALUES (82338,"XNDXNNRCAD",508);
INSERT INTO stock_owned (client_id,stock_name,shares) VALUES (19337,"XNDXCHFMH",665);
INSERT INTO stock_owned (client_id,stock_name,shares) VALUES (25997,"XNDXCHFMH",504);
INSERT INTO stock_owned (client_id,stock_name,shares) VALUES (20163,"XNDXNNRGBP",184);
INSERT INTO stock_owned (client_id,stock_name,shares) VALUES (92192,"XNDXNNRCHF",91);
INSERT INTO stock_owned (client_id,stock_name,shares) VALUES (32473,"XNDXS2",989);
INSERT INTO stock_owned (client_id,stock_name,shares) VALUES (13512,"XNDXT25E",308);
INSERT INTO stock_owned (client_id,stock_name,shares) VALUES (82338,"XQC",206);
INSERT INTO stock_owned (client_id,stock_name,shares) VALUES (19337,"XNDXS2",44);
INSERT INTO stock_owned (client_id,stock_name,shares) VALUES (32473,"XNDXCAD",95);
INSERT INTO stock_owned (client_id,stock_name,shares) VALUES (53704,"XNDXGBPMH",141);
INSERT INTO stock_owned (client_id,stock_name,shares) VALUES (11466,"XNDXS1NNR",361);
INSERT INTO stock_owned (client_id,stock_name,shares) VALUES (92192,"XNDXCHF",17);
INSERT INTO stock_owned (client_id,stock_name,shares) VALUES (11466,"XNDXS2",272);
INSERT INTO stock_owned (client_id,stock_name,shares) VALUES (11466,"XNDXHKD",372);
INSERT INTO stock_owned (client_id,stock_name,shares) VALUES (20163,"XNDXCAD",786);
INSERT INTO stock_owned (client_id,stock_name,shares) VALUES (20163,"XNDXGBPMH",151);
INSERT INTO stock_owned (client_id,stock_name,shares) VALUES (32473,"XNDXGBPMH",258);
INSERT INTO stock_owned (client_id,stock_name,shares) VALUES (83886,"XNDXEURMH",59);
INSERT INTO stock_owned (client_id,stock_name,shares) VALUES (32473,"XNDXNNRS3",284);
INSERT INTO stock_owned (client_id,stock_name,shares) VALUES (11466,"XNDXEURMH",737);
INSERT INTO stock_owned (client_id,stock_name,shares) VALUES (20163,"XNDXT25NNR",919);
INSERT INTO stock_owned (client_id,stock_name,shares) VALUES (20163,"XNDXNNRCAD",780);
INSERT INTO stock_owned (client_id,stock_name,shares) VALUES (92192,"XNDXEURMH",75);
INSERT INTO stock_owned (client_id,stock_name,shares) VALUES (92192,"XNDXCAD",458);
INSERT INTO stock_owned (client_id,stock_name,shares) VALUES (82338,"XNDXCHFMH",647);
INSERT INTO stock_owned (client_id,stock_name,shares) VALUES (92192,"XNDXS2",967);
INSERT INTO stock_owned (client_id,stock_name,shares) VALUES (19337,"XNDXS2",305);
INSERT INTO stock_owned (client_id,stock_name,shares) VALUES (11466,"XNDXCAD",383);
INSERT INTO stock_owned (client_id,stock_name,shares) VALUES (25997,"XNDXL",840);
INSERT INTO stock_owned (client_id,stock_name,shares) VALUES (82338,"XNDXT25NNR",666);
INSERT INTO stock_owned (client_id,stock_name,shares) VALUES (25997,"XQC",733);
INSERT INTO stock_owned (client_id,stock_name,shares) VALUES (53704,"XNDXEURMH",49);
INSERT INTO stock_owned (client_id,stock_name,shares) VALUES (14687,"XNDXEUR",590);
INSERT INTO stock_owned (client_id,stock_name,shares) VALUES (37641,"XNDXS1NNR",448);
INSERT INTO stock_owned (client_id,stock_name,shares) VALUES (87505,"XNDXNNRHKD",131);
INSERT INTO stock_owned (client_id,stock_name,shares) VALUES (20163,"XNDXS2NNR",673);
INSERT INTO stock_owned (client_id,stock_name,shares) VALUES (83886,"XNDXS2",394);
INSERT INTO stock_owned (client_id,stock_name,shares) VALUES (14687,"XNDXNNRGBP",120);
INSERT INTO stock_owned (client_id,stock_name,shares) VALUES (37641,"XNDXT25NNER",808);
INSERT INTO stock_owned (client_id,stock_name,shares) VALUES (25997,"XNBINNR",54);
INSERT INTO stock_owned (client_id,stock_name,shares) VALUES (53704,"XNDXCAD",855);
INSERT INTO stock_owned (client_id,stock_name,shares) VALUES (19337,"XNDXL",47);
INSERT INTO stock_owned (client_id,stock_name,shares) VALUES (37641,"XNDXEURMH",115);
INSERT INTO stock_owned (client_id,stock_name,shares) VALUES (92192,"XNDXEURMH",43);
INSERT INTO stock_owned (client_id,stock_name,shares) VALUES (13512,"XNDXNNRHKD",156);
INSERT INTO stock_owned (client_id,stock_name,shares) VALUES (13512,"XNDXS1NNR",701);
INSERT INTO stock_owned (client_id,stock_name,shares) VALUES (83886,"XNDXCAD",451);
INSERT INTO stock_owned (client_id,stock_name,shares) VALUES (87505,"XNBINNR",771);
INSERT INTO stock_owned (client_id,stock_name,shares) VALUES (37641,"XNDXEUR",447);
INSERT INTO stock_owned (client_id,stock_name,shares) VALUES (14687,"XNDXT25E",934);
INSERT INTO stock_owned (client_id,stock_name,shares) VALUES (83886,"XNDXS2",747);
INSERT INTO stock_owned (client_id,stock_name,shares) VALUES (37641,"XNDXT25NNR",928);
INSERT INTO stock_owned (client_id,stock_name,shares) VALUES (32473,"XNDXS2NNR",302);
INSERT INTO stock_owned (client_id,stock_name,shares) VALUES (37641,"XNDXEURMH",393);
INSERT INTO stock_owned (client_id,stock_name,shares) VALUES (20163,"XNDXGBP",386);
INSERT INTO stock_owned (client_id,stock_name,shares) VALUES (19337,"XNDXS1NNR",800);
INSERT INTO stock_owned (client_id,stock_name,shares) VALUES (11466,"XNDXNNRCAD",303);
INSERT INTO stock_owned (client_id,stock_name,shares) VALUES (25997,"XNDXT25",798);
INSERT INTO stock_owned (client_id,stock_name,shares) VALUES (92192,"XNBINNR",807);
INSERT INTO stock_owned (client_id,stock_name,shares) VALUES (83886,"XNDXT25",634);
INSERT INTO stock_owned (client_id,stock_name,shares) VALUES (25997,"XNDXEURMH",579);
INSERT INTO stock_owned (client_id,stock_name,shares) VALUES (83886,"XNDXNNRGBP",22);
INSERT INTO stock_owned (client_id,stock_name,shares) VALUES (13512,"XNDXEURMH",25);
INSERT INTO stock_owned (client_id,stock_name,shares) VALUES (53704,"XNDXCAD",596);
INSERT INTO stock_owned (client_id,stock_name,shares) VALUES (37641,"XCMPNNR",920);
INSERT INTO stock_owned (client_id,stock_name,shares) VALUES (83886,"XNDXCAD",886);
INSERT INTO stock_owned (client_id,stock_name,shares) VALUES (11466,"XNDXL3TR",10);
INSERT INTO stock_owned (client_id,stock_name,shares) VALUES (19337,"XNDXGBP",416);
INSERT INTO stock_owned (client_id,stock_name,shares) VALUES (20163,"XNDXT25NNR",345);
INSERT INTO stock_owned (client_id,stock_name,shares) VALUES (82338,"XNDXT25NNER",783);
INSERT INTO stock_owned (client_id,stock_name,shares) VALUES (25997,"XNDXEUR",807);
INSERT INTO stock_owned (client_id,stock_name,shares) VALUES (53704,"XNDXT25",911);
INSERT INTO stock_owned (client_id,stock_name,shares) VALUES (32473,"XNDXL",997);
INSERT INTO stock_owned (client_id,stock_name,shares) VALUES (83886,"XQC",996);
INSERT INTO stock_owned (client_id,stock_name,shares) VALUES (53704,"XNDXCHFMH",57);
INSERT INTO stock_owned (client_id,stock_name,shares) VALUES (92192,"XNDXS2",968);
INSERT INTO stock_owned (client_id,stock_name,shares) VALUES (20163,"XNDXNNRHKD",955);
INSERT INTO stock_owned (client_id,stock_name,shares) VALUES (87505,"XNDXS2",326);
INSERT INTO stock_owned (client_id,stock_name,shares) VALUES (19337,"XNDXT25",343);
INSERT INTO stock_owned (client_id,stock_name,shares) VALUES (53704,"XNDXS2NNR",455);
INSERT INTO stock_owned (client_id,stock_name,shares) VALUES (37641,"XNDXCHF",56);
INSERT INTO stock_owned (client_id,stock_name,shares) VALUES (25997,"XNDXCHFMH",570);
INSERT INTO stock_owned (client_id,stock_name,shares) VALUES (82338,"XNDXS2NNR",224);
INSERT INTO stock_owned (client_id,stock_name,shares) VALUES (13512,"XNDXEURMH",10);
INSERT INTO stock_owned (client_id,stock_name,shares) VALUES (19337,"XQC",776);
INSERT INTO stock_owned (client_id,stock_name,shares) VALUES (19337,"XNBINNR",37);
INSERT INTO stock_owned (client_id,stock_name,shares) VALUES (37641,"XNDXCHF",717);
INSERT INTO stock_owned (client_id,stock_name,shares) VALUES (37641,"XNDXHKD",448);
INSERT INTO stock_owned (client_id,stock_name,shares) VALUES (32473,"XNDXNNRCHF",986);
INSERT INTO stock_owned (client_id,stock_name,shares) VALUES (37641,"XNDXCHF",687);
INSERT INTO stock_owned (client_id,stock_name,shares) VALUES (32473,"XNDXCAD",785);
INSERT INTO stock_owned (client_id,stock_name,shares) VALUES (37641,"XCMPNNR",369);
INSERT INTO stock_owned (client_id,stock_name,shares) VALUES (87505,"XNDXGBPMH",932);
INSERT INTO stock_owned (client_id,stock_name,shares) VALUES (25997,"XNDXL",700);
INSERT INTO stock_owned (client_id,stock_name,shares) VALUES (32473,"XNDXS2",284);
INSERT INTO stock_owned (client_id,stock_name,shares) VALUES (83886,"XNDXT25NNER",893);
INSERT INTO stock_owned (client_id,stock_name,shares) VALUES (14687,"XNDXCAD",85);
INSERT INTO stock_owned (client_id,stock_name,shares) VALUES (83886,"XNDXHKD",785);
INSERT INTO stock_owned (client_id,stock_name,shares) VALUES (53704,"XNDXT25",802);
INSERT INTO stock_owned (client_id,stock_name,shares) VALUES (83886,"XNDXT25NNR",391);
INSERT INTO stock_owned (client_id,stock_name,shares) VALUES (19337,"XNDXT25NNR",863);
INSERT INTO stock_owned (client_id,stock_name,shares) VALUES (32473,"XNDXL",856);
INSERT INTO stock_owned (client_id,stock_name,shares) VALUES (19337,"XNDXT25NNER",935);
INSERT INTO stock_owned (client_id,stock_name,shares) VALUES (20163,"XNDXNNRCAD",276);
INSERT INTO stock_owned (client_id,stock_name,shares) VALUES (53704,"XNDXGBP",498);
INSERT INTO stock_owned (client_id,stock_name,shares) VALUES (82338,"XNDXL",123);
INSERT INTO stock_owned (client_id,stock_name,shares) VALUES (13512,"XNDXNNRGBP",181);
INSERT INTO stock_owned (client_id,stock_name,shares) VALUES (87505,"XNDXEUR",734);
INSERT INTO stock_owned (client_id,stock_name,shares) VALUES (83886,"XNDXNNREUR",653);
INSERT INTO stock_owned (client_id,stock_name,shares) VALUES (87505,"XNDXGBPMH",908);
INSERT INTO stock_owned (client_id,stock_name,shares) VALUES (53704,"XNDXS2",759);
INSERT INTO stock_owned (client_id,stock_name,shares) VALUES (32473,"XNDXCHFMH",370);
INSERT INTO stock_owned (client_id,stock_name,shares) VALUES (82338,"XNDXNNRHKD",941);
INSERT INTO stock_owned (client_id,stock_name,shares) VALUES (82338,"XNDXHKD",608);
INSERT INTO stock_owned (client_id,stock_name,shares) VALUES (20163,"XNDXL3TR",846);
INSERT INTO stock_owned (client_id,stock_name,shares) VALUES (87505,"XNDXCHFMH",204);
INSERT INTO stock_owned (client_id,stock_name,shares) VALUES (82338,"XNDXEURMH",543);
INSERT INTO stock_owned (client_id,stock_name,shares) VALUES (83886,"XNDXEURMH",958);
INSERT INTO stock_owned (client_id,stock_name,shares) VALUES (92192,"XNDXS2NNR",640);
INSERT INTO stock_owned (client_id,stock_name,shares) VALUES (32473,"XNDXNNRS3",935);
INSERT INTO stock_owned (client_id,stock_name,shares) VALUES (20163,"XNDXNNRGBP",175);
INSERT INTO stock_owned (client_id,stock_name,shares) VALUES (32473,"XNDXEUR",351);
INSERT INTO stock_owned (client_id,stock_name,shares) VALUES (37641,"XNDXS2",462);
INSERT INTO stock_owned (client_id,stock_name,shares) VALUES (19337,"XNDXCHF",843);
INSERT INTO stock_owned (client_id,stock_name,shares) VALUES (92192,"XNDXNNRGBP",510);
INSERT INTO stock_owned (client_id,stock_name,shares) VALUES (83886,"XNBINNR",750);
INSERT INTO stock_owned (client_id,stock_name,shares) VALUES (25997,"XNDXEUR",794);
INSERT INTO stock_owned (client_id,stock_name,shares) VALUES (25997,"XNDXL",384);
INSERT INTO stock_owned (client_id,stock_name,shares) VALUES (11466,"XNDXCAD",508);
INSERT INTO stock_owned (client_id,stock_name,shares) VALUES (20163,"XNDXNNRGBP",608);
INSERT INTO stock_owned (client_id,stock_name,shares) VALUES (32473,"XNDXCHF",599);
INSERT INTO stock_owned (client_id,stock_name,shares) VALUES (11466,"XQC",222);
INSERT INTO stock_owned (client_id,stock_name,shares) VALUES (32473,"XNBINNR",349);
INSERT INTO stock_owned (client_id,stock_name,shares) VALUES (53704,"XNDXNNRCAD",284);
INSERT INTO stock_owned (client_id,stock_name,shares) VALUES (20163,"XNDXNNREUR",149);
INSERT INTO stock_owned (client_id,stock_name,shares) VALUES (92192,"XNDXS2",931);
INSERT INTO stock_owned (client_id,stock_name,shares) VALUES (53704,"XNDXNNRGBP",249);
INSERT INTO stock_owned (client_id,stock_name,shares) VALUES (14687,"XNDXL",525);
INSERT INTO stock_owned (client_id,stock_name,shares) VALUES (19337,"XNDXGBP",817);
INSERT INTO stock_owned (client_id,stock_name,shares) VALUES (13512,"XQC",477);
INSERT INTO stock_owned (client_id,stock_name,shares) VALUES (37641,"XNDXGBPMH",206);
INSERT INTO stock_owned (client_id,stock_name,shares) VALUES (19337,"XNDXNNRCHF",6);
INSERT INTO stock_owned (client_id,stock_name,shares) VALUES (19337,"XNDXT25NNR",235);
INSERT INTO stock_owned (client_id,stock_name,shares) VALUES (20163,"XNDXCAD",489);
INSERT INTO stock_owned (client_id,stock_name,shares) VALUES (37641,"XNDXHKD",844);
INSERT INTO stock_owned (client_id,stock_name,shares) VALUES (20163,"XNDXS2",649);
INSERT INTO stock_owned (client_id,stock_name,shares) VALUES (14687,"XNDXNNRCAD",641);
INSERT INTO stock_owned (client_id,stock_name,shares) VALUES (37641,"XNBINNR",425);
INSERT INTO stock_owned (client_id,stock_name,shares) VALUES (82338,"XQC",412);
INSERT INTO stock_owned (client_id,stock_name,shares) VALUES (37641,"XNDXNNRCAD",111);
INSERT INTO stock_owned (client_id,stock_name,shares) VALUES (20163,"XNDXNNRGBP",987);
INSERT INTO stock_owned (client_id,stock_name,shares) VALUES (25997,"XNDXL",10);
INSERT INTO stock_owned (client_id,stock_name,shares) VALUES (25997,"XNDXNNRGBP",973);
INSERT INTO stock_owned (client_id,stock_name,shares) VALUES (87505,"XNDXS2",310);
INSERT INTO stock_owned (client_id,stock_name,shares) VALUES (19337,"XQC",143);
INSERT INTO stock_owned (client_id,stock_name,shares) VALUES (92192,"XNDXS2NNR",250);
INSERT INTO stock_owned (client_id,stock_name,shares) VALUES (19337,"XNDXNNRCAD",910);
INSERT INTO stock_owned (client_id,stock_name,shares) VALUES (87505,"XNDXNNRCHF",316);
INSERT INTO stock_owned (client_id,stock_name,shares) VALUES (92192,"XNDXNNRHKD",493);
INSERT INTO stock_owned (client_id,stock_name,shares) VALUES (87505,"XNDXT25E",977);
INSERT INTO stock_owned (client_id,stock_name,shares) VALUES (25997,"XNDXNNRGBP",614);
INSERT INTO stock_owned (client_id,stock_name,shares) VALUES (92192,"XNDXCHF",520);
INSERT INTO stock_owned (client_id,stock_name,shares) VALUES (87505,"XNDXT25NNR",130);
INSERT INTO stock_owned (client_id,stock_name,shares) VALUES (25997,"XNDXNNRGBP",786);
INSERT INTO stock_owned (client_id,stock_name,shares) VALUES (13512,"XNDXHKD",986);
INSERT INTO stock_owned (client_id,stock_name,shares) VALUES (19337,"XNDXNNREUR",93);
INSERT INTO stock_owned (client_id,stock_name,shares) VALUES (92192,"XNDXNNRGBP",414);
INSERT INTO stock_owned (client_id,stock_name,shares) VALUES (25997,"XNDXCAD",531);
INSERT INTO stock_owned (client_id,stock_name,shares) VALUES (32473,"XNDXT25NNER",484);
INSERT INTO stock_owned (client_id,stock_name,shares) VALUES (20163,"XNDXGBP",901);
INSERT INTO stock_owned (client_id,stock_name,shares) VALUES (25997,"XNDXHKD",593);
INSERT INTO stock_owned (client_id,stock_name,shares) VALUES (20163,"XNDXS2NNR",714);
INSERT INTO stock_owned (client_id,stock_name,shares) VALUES (87505,"XNDXNNRHKD",270);
INSERT INTO stock_owned (client_id,stock_name,shares) VALUES (25997,"XNBINNR",266);
INSERT INTO stock_owned (client_id,stock_name,shares) VALUES (14687,"XNDXT25NNR",231);
INSERT INTO stock_owned (client_id,stock_name,shares) VALUES (14687,"XNDXS1NNR",264);
INSERT INTO stock_owned (client_id,stock_name,shares) VALUES (32473,"XNDXCAD",208);
INSERT INTO stock_owned (client_id,stock_name,shares) VALUES (13512,"XNBINNR",875);
INSERT INTO stock_owned (client_id,stock_name,shares) VALUES (14687,"XNDXS1NNR",103);
INSERT INTO stock_owned (client_id,stock_name,shares) VALUES (32473,"XNDXNNRGBP",310);
INSERT INTO stock_owned (client_id,stock_name,shares) VALUES (53704,"XNDXNNRGBP",932);
INSERT INTO stock_owned (client_id,stock_name,shares) VALUES (14687,"XNDXS2",900);
INSERT INTO stock_owned (client_id,stock_name,shares) VALUES (13512,"XNDXCHFMH",913);
INSERT INTO stock_owned (client_id,stock_name,shares) VALUES (19337,"XNDXCHF",180);
INSERT INTO stock_owned (client_id,stock_name,shares) VALUES (11466,"XNDXL3TR",565);
INSERT INTO stock_owned (client_id,stock_name,shares) VALUES (19337,"XQC",819);
INSERT INTO stock_owned (client_id,stock_name,shares) VALUES (14687,"XNDXT25E",734);
INSERT INTO stock_owned (client_id,stock_name,shares) VALUES (32473,"XCMPNNR",180);
INSERT INTO stock_owned (client_id,stock_name,shares) VALUES (25997,"XNDXS1NNR",219);
INSERT INTO stock_owned (client_id,stock_name,shares) VALUES (20163,"XNDXCHF",593);
INSERT INTO stock_owned (client_id,stock_name,shares) VALUES (13512,"XNDXL3TR",27);
INSERT INTO stock_owned (client_id,stock_name,shares) VALUES (25997,"XNDXL",137);
INSERT INTO stock_owned (client_id,stock_name,shares) VALUES (25997,"XQC",453);
INSERT INTO stock_owned (client_id,stock_name,shares) VALUES (92192,"XNDXNNRCAD",752);
INSERT INTO stock_owned (client_id,stock_name,shares) VALUES (19337,"XNDXT25E",533);
INSERT INTO stock_owned (client_id,stock_name,shares) VALUES (13512,"XNDXNNRS3",136);
INSERT INTO stock_owned (client_id,stock_name,shares) VALUES (37641,"XNDXGBPMH",597);
INSERT INTO stock_owned (client_id,stock_name,shares) VALUES (53704,"XNDXL",464);
INSERT INTO stock_owned (client_id,stock_name,shares) VALUES (14687,"XNDXHKD",939);
INSERT INTO stock_owned (client_id,stock_name,shares) VALUES (13512,"XCMPNNR",568);
INSERT INTO stock_owned (client_id,stock_name,shares) VALUES (11466,"XNDXCHFMH",472);
INSERT INTO stock_owned (client_id,stock_name,shares) VALUES (53704,"XNDXS1NNR",391);
INSERT INTO stock_owned (client_id,stock_name,shares) VALUES (32473,"XNDXGBPMH",605);
INSERT INTO stock_owned (client_id,stock_name,shares) VALUES (14687,"XNDXNNREUR",81);
INSERT INTO stock_owned (client_id,stock_name,shares) VALUES (20163,"XNDXEUR",84);
INSERT INTO stock_owned (client_id,stock_name,shares) VALUES (11466,"XNDXT25",572);
INSERT INTO stock_owned (client_id,stock_name,shares) VALUES (25997,"XNDXT25NNER",728);
INSERT INTO stock_owned (client_id,stock_name,shares) VALUES (19337,"XNDXT25NNER",552);
INSERT INTO stock_owned (client_id,stock_name,shares) VALUES (20163,"XNDXNNRHKD",912);
INSERT INTO stock_owned (client_id,stock_name,shares) VALUES (13512,"XNDXS2",456);
INSERT INTO stock_owned (client_id,stock_name,shares) VALUES (92192,"XNDXGBP",536);
INSERT INTO stock_owned (client_id,stock_name,shares) VALUES (37641,"XNDXL",234);
INSERT INTO stock_owned (client_id,stock_name,shares) VALUES (13512,"XNDXGBPMH",79);
INSERT INTO stock_owned (client_id,stock_name,shares) VALUES (37641,"XNDXEURMH",373);
INSERT INTO stock_owned (client_id,stock_name,shares) VALUES (14687,"XNDXEURMH",622);
INSERT INTO stock_owned (client_id,stock_name,shares) VALUES (14687,"XNDXEURMH",620);
INSERT INTO stock_owned (client_id,stock_name,shares) VALUES (19337,"XNDXS2",88);
INSERT INTO stock_owned (client_id,stock_name,shares) VALUES (11466,"XNDXCHFMH",70);
INSERT INTO stock_owned (client_id,stock_name,shares) VALUES (83886,"XNDXS2NNR",112);
INSERT INTO stock_owned (client_id,stock_name,shares) VALUES (87505,"XNDXS1",866);
INSERT INTO stock_owned (client_id,stock_name,shares) VALUES (87505,"XNDXHKD",164);
INSERT INTO stock_owned (client_id,stock_name,shares) VALUES (19337,"XNDXT25E",524);
INSERT INTO stock_owned (client_id,stock_name,shares) VALUES (14687,"XNDXL",769);
INSERT INTO stock_owned (client_id,stock_name,shares) VALUES (32473,"XNDXHKD",467);
INSERT INTO stock_owned (client_id,stock_name,shares) VALUES (25997,"XNDXNNRCAD",926);
INSERT INTO stock_owned (client_id,stock_name,shares) VALUES (82338,"XNDXT25E",583);
INSERT INTO stock_owned (client_id,stock_name,shares) VALUES (20163,"XNDXNNREUR",222);
INSERT INTO stock_owned (client_id,stock_name,shares) VALUES (13512,"XQC",239);
INSERT INTO stock_owned (client_id,stock_name,shares) VALUES (14687,"XNDXS2",774);
INSERT INTO stock_owned (client_id,stock_name,shares) VALUES (83886,"XNDXNNRGBP",924);
INSERT INTO stock_owned (client_id,stock_name,shares) VALUES (25997,"XNDXNNRGBP",971);
INSERT INTO stock_owned (client_id,stock_name,shares) VALUES (25997,"XNDXNNRS3",366);
INSERT INTO stock_owned (client_id,stock_name,shares) VALUES (25997,"XNDXNNRCAD",8);
INSERT INTO stock_owned (client_id,stock_name,shares) VALUES (92192,"XNDXT25E",763);
INSERT INTO stock_owned (client_id,stock_name,shares) VALUES (13512,"XNDXCHFMH",767);
INSERT INTO stock_owned (client_id,stock_name,shares) VALUES (37641,"XNDXT25",521);
INSERT INTO stock_owned (client_id,stock_name,shares) VALUES (11466,"XCMPNNR",683);
INSERT INTO stock_owned (client_id,stock_name,shares) VALUES (11466,"XNDXS2NNR",133);
INSERT INTO stock_owned (client_id,stock_name,shares) VALUES (53704,"XCMPNNR",533);
INSERT INTO stock_owned (client_id,stock_name,shares) VALUES (53704,"XNDXS1NNR",251);
INSERT INTO stock_owned (client_id,stock_name,shares) VALUES (25997,"XCMPNNR",458);
INSERT INTO stock_owned (client_id,stock_name,shares) VALUES (92192,"XNDXT25E",284);
INSERT INTO stock_owned (client_id,stock_name,shares) VALUES (37641,"XNDXS2NNR",579);
INSERT INTO stock_owned (client_id,stock_name,shares) VALUES (19337,"XNDXNNREUR",987);
INSERT INTO stock_owned (client_id,stock_name,shares) VALUES (83886,"XNDXNNRGBP",245);
INSERT INTO stock_owned (client_id,stock_name,shares) VALUES (13512,"XNDXT25NNR",21);
INSERT INTO stock_owned (client_id,stock_name,shares) VALUES (13512,"XNDXNNRCHF",506);
INSERT INTO stock_owned (client_id,stock_name,shares) VALUES (32473,"XNDXS1NNR",284);
INSERT INTO stock_owned (client_id,stock_name,shares) VALUES (87505,"XNDXT25",312);
INSERT INTO stock_owned (client_id,stock_name,shares) VALUES (32473,"XNDXHKD",118);
INSERT INTO stock_owned (client_id,stock_name,shares) VALUES (92192,"XNDXL",861);
INSERT INTO stock_owned (client_id,stock_name,shares) VALUES (13512,"XNDXNNRGBP",918);
INSERT INTO stock_owned (client_id,stock_name,shares) VALUES (87505,"XNDXS2NNR",301);
INSERT INTO stock_owned (client_id,stock_name,shares) VALUES (87505,"XNDXS1",971);
INSERT INTO stock_owned (client_id,stock_name,shares) VALUES (19337,"XCMPNNR",52);
INSERT INTO stock_owned (client_id,stock_name,shares) VALUES (82338,"XNDXCHFMH",726);
INSERT INTO stock_owned (client_id,stock_name,shares) VALUES (53704,"XNDXGBP",283);
INSERT INTO stock_owned (client_id,stock_name,shares) VALUES (20163,"XQC",720);
INSERT INTO stock_owned (client_id,stock_name,shares) VALUES (83886,"XNDXNNRCAD",34);
INSERT INTO stock_owned (client_id,stock_name,shares) VALUES (11466,"XNDXNNRCAD",443);
INSERT INTO stock_owned (client_id,stock_name,shares) VALUES (83886,"XNDXNNRS3",936);
INSERT INTO stock_owned (client_id,stock_name,shares) VALUES (20163,"XNDXS2",157);
INSERT INTO stock_owned (client_id,stock_name,shares) VALUES (20163,"XNDXS2NNR",900);
INSERT INTO stock_owned (client_id,stock_name,shares) VALUES (83886,"XNDXHKD",688);
INSERT INTO stock_owned (client_id,stock_name,shares) VALUES (20163,"XNDXS2",430);
INSERT INTO stock_owned (client_id,stock_name,shares) VALUES (82338,"XNDXCHF",661);
INSERT INTO stock_owned (client_id,stock_name,shares) VALUES (53704,"XNDXT25NNER",222);
INSERT INTO stock_owned (client_id,stock_name,shares) VALUES (14687,"XNDXGBPMH",724);
