INSERT INTO broker (id,last_name,first_name,phone_num,email,address) VALUES (27043,"Schroeder","Ashly",9625845629,"Ashly.Schroeder@test.com","9377 Bohemia Lane");
INSERT INTO broker (id,last_name,first_name,phone_num,email,address) VALUES (51051,"Mccann","Clarence",5113823971,"Clarence.Mccann@test.com","9043 Crescent St.");
INSERT INTO broker (id,last_name,first_name,phone_num,email,address) VALUES (70839,"Bolton","Jerimiah",7085202276,"Jerimiah.Bolton@test.com","78 Silver Spear St.");
INSERT INTO broker (id,last_name,first_name,phone_num,email,address) VALUES (65928,"Choi","Lina",9768553659,"Lina.Choi@test.com","136 Brickyard Dr.");
INSERT INTO broker (id,last_name,first_name,phone_num,email,address) VALUES (55187,"Wallace","Noah",3227999859,"Noah.Wallace@test.com","7812 Wayne Lane");
INSERT INTO broker (id,last_name,first_name,phone_num,email,address) VALUES (31543,"Cruz","Addyson",1805529823,"Addyson.Cruz@test.com","9407 Trusel Ave.");
INSERT INTO broker (id,last_name,first_name,phone_num,email,address) VALUES (76285,"Gallegos","Daniel",9850786984,"Daniel.Gallegos@test.com","253 Circle Street");
INSERT INTO client (id,last_name,first_name,phone_num,email,address,cash) VALUES (92192,"Baird","Enzo",8245922080,"Enzo.Baird@test.com","7670 E. Liberty Court",82034);
INSERT INTO client (id,last_name,first_name,phone_num,email,address,cash) VALUES (82338,"Acevedo","Thalia",3091476021,"Thalia.Acevedo@test.com","8228 Surrey Street",55983);
INSERT INTO client (id,last_name,first_name,phone_num,email,address,cash) VALUES (19337,"Krueger","Jose",9183388741,"Jose.Krueger@test.com","9990 East Riverview Road",17717);
INSERT INTO client (id,last_name,first_name,phone_num,email,address,cash) VALUES (13512,"Galvan","Agustin",7093796099,"Agustin.Galvan@test.com","445 Dunbar St.",72200);
INSERT INTO client (id,last_name,first_name,phone_num,email,address,cash) VALUES (11466,"Chavez","Erika",2840946032,"Erika.Chavez@test.com","49 Race Drive",31076);
INSERT INTO client (id,last_name,first_name,phone_num,email,address,cash) VALUES (32473,"Richardson","Jaidyn",4042317514,"Jaidyn.Richardson@test.com","662 Airport St.",91786);
INSERT INTO client (id,last_name,first_name,phone_num,email,address,cash) VALUES (53704,"Davenport","Andres",5352385797,"Andres.Davenport@test.com","946 Orchard Street",68014);
INSERT INTO client (id,last_name,first_name,phone_num,email,address,cash) VALUES (87505,"French","Libby",6380251487,"Libby.French@test.com","9338 Mayflower St.",43620);
INSERT INTO client (id,last_name,first_name,phone_num,email,address,cash) VALUES (83886,"Hester","Anika",2691739135,"Anika.Hester@test.com","6 Brickyard Street",2434);
INSERT INTO client (id,last_name,first_name,phone_num,email,address,cash) VALUES (37641,"Wong","Darrell",4029257590,"Darrell.Wong@test.com","7163 Tunnel Street",99828);
INSERT INTO client (id,last_name,first_name,phone_num,email,address,cash) VALUES (25997,"Rush","Shayla",8482174056,"Shayla.Rush@test.com","865 Taylor Ave.",67541);
INSERT INTO client (id,last_name,first_name,phone_num,email,address,cash) VALUES (20163,"Swanson","Josh",8433801684,"Josh.Swanson@test.com","159 Bridge St.",79139);
INSERT INTO client (id,last_name,first_name,phone_num,email,address,cash) VALUES (14687,"Copeland","Emmalee",2085980168,"Emmalee.Copeland@test.com","75 New St.",14447);
INSERT INTO credentials VALUES (27043,"Snarelure","p4ScNtGGL_");
INSERT INTO credentials VALUES (51051,"Skullbone","nv_20Ij#j5");
INSERT INTO credentials VALUES (70839,"Burnblaze","iA9+zgD=df");
INSERT INTO credentials VALUES (65928,"Emberburn","q3MO%H690Z");
INSERT INTO credentials VALUES (55187,"Emberfire","cv1qK^_zEJ");
INSERT INTO credentials VALUES (31543,"Evilember","Sqkei2%vSp");
INSERT INTO credentials VALUES (76285,"Firespawn","i%2QID?k2p");
INSERT INTO credentials VALUES (92192,"Flameblow","uA^l3W=8SW");
INSERT INTO credentials VALUES (82338,"SniperGod","iBem9Y6~TI");
INSERT INTO credentials VALUES (19337,"TalkBomber","ecc=n98Pfg");
INSERT INTO credentials VALUES (13512,"SniperWish","eTeW*cN5lp");
INSERT INTO credentials VALUES (11466,"RavySnake","hFits9*Xo6");
INSERT INTO credentials VALUES (32473,"WebTool","az=Wis80!M");
INSERT INTO credentials VALUES (53704,"TurtleCat","uUjgfu*v4i");
INSERT INTO credentials VALUES (87505,"BlogWobbles","Y%W*Eh47r9");
INSERT INTO credentials VALUES (83886,"LuckyDusty","BjS+dus$X6");
INSERT INTO credentials VALUES (37641,"RumChicken","r97Ya%Pmey");
INSERT INTO credentials VALUES (25997,"StonedTime","n&jjX@z1BU");
INSERT INTO credentials VALUES (20163,"CouchChiller","N5$A*tj3Yp");
INSERT INTO credentials VALUES (14687,"VisualMaster","Gk#PJRoVFW");
INSERT INTO stock VALUES ("XQC",2018-03-19,-590,93869,34907);
INSERT INTO stock VALUES ("XNDXT25NNR",2018-03-19,4,60057,60542);
INSERT INTO stock VALUES ("XNDXT25NNER",2018-03-19,-429,65437,22546);
INSERT INTO stock VALUES ("XNDXT25E",2018-03-19,-456,85887,40320);
INSERT INTO stock VALUES ("XNDXT25",2018-03-19,872,9123,96387);
INSERT INTO stock VALUES ("XNDXS2NNR",2018-03-19,207,6526,27267);
INSERT INTO stock VALUES ("XNDXS2",2018-03-19,325,49923,82497);
INSERT INTO stock VALUES ("XNDXS1NNR",2018-03-19,200,27797,47890);
INSERT INTO stock VALUES ("XNDXS1",2018-03-19,846,8366,93029);
INSERT INTO stock VALUES ("XNDXNNRS3",2018-03-19,-590,93869,34907);
INSERT INTO stock VALUES ("XNDXNNRGBP",2018-03-19,4,60057,60542);
INSERT INTO stock VALUES ("XNDXNNRHKD",2018-03-19,-429,65437,22546);
INSERT INTO stock VALUES ("XNDXNNREUR",2018-03-19,-456,85887,40320);
INSERT INTO stock VALUES ("XNDXNNRCHF",2018-03-19,872,9123,96387);
INSERT INTO stock VALUES ("XNDXNNRCAD",2018-03-19,207,6526,27267);
INSERT INTO stock VALUES ("XNDXL3TR",2018-03-19,325,49923,82497);
INSERT INTO stock VALUES ("XNDXL",2018-03-19,200,27797,47890);
INSERT INTO stock VALUES ("XNDXHKD",2018-03-19,846,8366,93029);
INSERT INTO stock VALUES ("XNDXGBPMH",2018-03-19,-590,93869,34907);
INSERT INTO stock VALUES ("XNDXGBP",2018-03-19,4,60057,60542);
INSERT INTO stock VALUES ("XNDXEURMH",2018-03-19,-429,65437,22546);
INSERT INTO stock VALUES ("XNDXCHFMH",2018-03-19,-456,85887,40320);
INSERT INTO stock VALUES ("XNDXEUR",2018-03-19,872,9123,96387);
INSERT INTO stock VALUES ("XNDXCHF",2018-03-19,207,6526,27267);
INSERT INTO stock VALUES ("XNDXCAD",2018-03-19,325,49923,82497);
INSERT INTO stock VALUES ("XNBINNR",2018-03-19,200,2779,47890);
INSERT INTO stock VALUES ("XCMPNNR",2018-03-19,846,652234,93029);
INSERT INTO relationship (broker_id,client_id) VALUES (70839,92192);
INSERT INTO relationship (broker_id,client_id) VALUES (27043,82338);
INSERT INTO relationship (broker_id,client_id) VALUES (76285,19337);
INSERT INTO relationship (broker_id,client_id) VALUES (31543,13512);
INSERT INTO relationship (broker_id,client_id) VALUES (31543,11466);
INSERT INTO relationship (broker_id,client_id) VALUES (70839,32473);
INSERT INTO relationship (broker_id,client_id) VALUES (31543,53704);
INSERT INTO relationship (broker_id,client_id) VALUES (31543,87505);
INSERT INTO relationship (broker_id,client_id) VALUES (27043,83886);
INSERT INTO relationship (broker_id,client_id) VALUES (51051,37641);
INSERT INTO relationship (broker_id,client_id) VALUES (27043,25997);
INSERT INTO relationship (broker_id,client_id) VALUES (55187,20163);
INSERT INTO relationship (broker_id,client_id) VALUES (65928,14687);
INSERT INTO stock_owned (client_id,stock_name,shares) VALUES (82338,"XNDXT25NNR",837);
INSERT INTO stock_owned (client_id,stock_name,shares) VALUES (82338,"XNDXNNRCHF",969);
INSERT INTO stock_owned (client_id,stock_name,shares) VALUES (92192,"XNDXL3TR",316);
INSERT INTO stock_owned (client_id,stock_name,shares) VALUES (19337,"XNDXS2NNR",610);
INSERT INTO stock_owned (client_id,stock_name,shares) VALUES (11466,"XNDXS1",428);
INSERT INTO stock_owned (client_id,stock_name,shares) VALUES (82338,"XNDXGBPMH",443);
INSERT INTO stock_owned (client_id,stock_name,shares) VALUES (32473,"XNBINNR",104);
INSERT INTO stock_owned (client_id,stock_name,shares) VALUES (53704,"XNDXEUR",192);
INSERT INTO stock_owned (client_id,stock_name,shares) VALUES (13512,"XNDXCHF",575);
INSERT INTO stock_owned (client_id,stock_name,shares) VALUES (82338,"XCMPNNR",289);
INSERT INTO stock_owned (client_id,stock_name,shares) VALUES (13512,"XNDXT25",366);
INSERT INTO stock_owned (client_id,stock_name,shares) VALUES (20163,"XNDXEUR",416);
INSERT INTO stock_owned (client_id,stock_name,shares) VALUES (14687,"XNDXT25",956);
INSERT INTO stock_owned (client_id,stock_name,shares) VALUES (87505,"XNDXCHFMH",671);
INSERT INTO stock_owned (client_id,stock_name,shares) VALUES (11466,"XNDXT25",827);
INSERT INTO stock_owned (client_id,stock_name,shares) VALUES (11466,"XNDXHKD",89);
INSERT INTO stock_owned (client_id,stock_name,shares) VALUES (13512,"XNDXT25E",726);
INSERT INTO stock_owned (client_id,stock_name,shares) VALUES (53704,"XNDXGBPMH",477);
INSERT INTO stock_owned (client_id,stock_name,shares) VALUES (82338,"XNDXNNRGBP",721);
INSERT INTO stock_owned (client_id,stock_name,shares) VALUES (87505,"XNDXT25",891);
INSERT INTO stock_owned (client_id,stock_name,shares) VALUES (87505,"XNDXT25E",794);
INSERT INTO stock_owned (client_id,stock_name,shares) VALUES (11466,"XNDXGBP",103);
INSERT INTO stock_owned (client_id,stock_name,shares) VALUES (32473,"XNDXL3TR",85);
INSERT INTO stock_owned (client_id,stock_name,shares) VALUES (20163,"XNDXT25E",808);
INSERT INTO stock_owned (client_id,stock_name,shares) VALUES (87505,"XNDXT25NNER",56);
INSERT INTO stock_owned (client_id,stock_name,shares) VALUES (20163,"XNDXNNRS3",51);
INSERT INTO stock_owned (client_id,stock_name,shares) VALUES (83886,"XNDXEUR",257);
INSERT INTO stock_owned (client_id,stock_name,shares) VALUES (11466,"XNDXCHF",843);
INSERT INTO stock_owned (client_id,stock_name,shares) VALUES (37641,"XNDXL",383);
INSERT INTO stock_owned (client_id,stock_name,shares) VALUES (14687,"XNDXS1",690);
INSERT INTO stock_owned (client_id,stock_name,shares) VALUES (14687,"XNDXCAD",411);
INSERT INTO stock_owned (client_id,stock_name,shares) VALUES (53704,"XNDXT25",510);
INSERT INTO stock_owned (client_id,stock_name,shares) VALUES (83886,"XNDXGBP",826);
INSERT INTO stock_owned (client_id,stock_name,shares) VALUES (87505,"XNDXHKD",834);
INSERT INTO stock_owned (client_id,stock_name,shares) VALUES (32473,"XNDXNNRCAD",78);
INSERT INTO stock_owned (client_id,stock_name,shares) VALUES (20163,"XNDXEUR",810);
INSERT INTO stock_owned (client_id,stock_name,shares) VALUES (20163,"XNDXEURMH",922);
INSERT INTO stock_owned (client_id,stock_name,shares) VALUES (20163,"XQC",795);
INSERT INTO stock_owned (client_id,stock_name,shares) VALUES (82338,"XNDXCHFMH",540);
INSERT INTO stock_owned (client_id,stock_name,shares) VALUES (25997,"XNDXCAD",150);
INSERT INTO stock_owned (client_id,stock_name,shares) VALUES (32473,"XNDXT25NNER",845);
INSERT INTO stock_owned (client_id,stock_name,shares) VALUES (13512,"XNDXNNREUR",987);
INSERT INTO stock_owned (client_id,stock_name,shares) VALUES (14687,"XNDXL3TR",630);
INSERT INTO stock_owned (client_id,stock_name,shares) VALUES (82338,"XNDXNNREUR",89);
INSERT INTO stock_owned (client_id,stock_name,shares) VALUES (19337,"XNDXT25NNR",615);
INSERT INTO stock_owned (client_id,stock_name,shares) VALUES (25997,"XNDXT25",802);
INSERT INTO stock_owned (client_id,stock_name,shares) VALUES (25997,"XNDXCHFMH",470);
INSERT INTO stock_owned (client_id,stock_name,shares) VALUES (37641,"XNDXT25NNER",843);
INSERT INTO stock_owned (client_id,stock_name,shares) VALUES (11466,"XNDXHKD",903);
INSERT INTO stock_owned (client_id,stock_name,shares) VALUES (82338,"XNDXEUR",309);
INSERT INTO stock_owned (client_id,stock_name,shares) VALUES (87505,"XNDXNNRS3",66);
INSERT INTO stock_owned (client_id,stock_name,shares) VALUES (32473,"XNDXCHFMH",525);
INSERT INTO stock_owned (client_id,stock_name,shares) VALUES (92192,"XNDXS1NNR",446);
INSERT INTO stock_owned (client_id,stock_name,shares) VALUES (87505,"XNDXCHF",617);
INSERT INTO stock_owned (client_id,stock_name,shares) VALUES (83886,"XNDXL3TR",409);
INSERT INTO stock_owned (client_id,stock_name,shares) VALUES (11466,"XNDXNNREUR",374);
INSERT INTO stock_owned (client_id,stock_name,shares) VALUES (25997,"XNDXGBP",125);
INSERT INTO stock_owned (client_id,stock_name,shares) VALUES (14687,"XNDXT25",685);
INSERT INTO stock_owned (client_id,stock_name,shares) VALUES (14687,"XNDXGBPMH",982);
INSERT INTO stock_owned (client_id,stock_name,shares) VALUES (83886,"XNDXGBPMH",136);
INSERT INTO stock_owned (client_id,stock_name,shares) VALUES (19337,"XNDXHKD",996);
INSERT INTO stock_owned (client_id,stock_name,shares) VALUES (92192,"XNDXEURMH",217);
INSERT INTO stock_owned (client_id,stock_name,shares) VALUES (11466,"XNDXS1",814);
INSERT INTO stock_owned (client_id,stock_name,shares) VALUES (37641,"XNDXS2",849);
INSERT INTO stock_owned (client_id,stock_name,shares) VALUES (19337,"XNDXS1NNR",168);
INSERT INTO stock_owned (client_id,stock_name,shares) VALUES (37641,"XQC",255);
INSERT INTO stock_owned (client_id,stock_name,shares) VALUES (53704,"XNDXNNRS3",968);
INSERT INTO stock_owned (client_id,stock_name,shares) VALUES (37641,"XNDXHKD",296);
INSERT INTO stock_owned (client_id,stock_name,shares) VALUES (19337,"XNDXNNRS3",701);
INSERT INTO stock_owned (client_id,stock_name,shares) VALUES (19337,"XNDXNNRCHF",1);
INSERT INTO stock_owned (client_id,stock_name,shares) VALUES (32473,"XNBINNR",250);
INSERT INTO stock_owned (client_id,stock_name,shares) VALUES (20163,"XNDXNNRS3",852);
INSERT INTO stock_owned (client_id,stock_name,shares) VALUES (82338,"XNDXCAD",384);
INSERT INTO stock_owned (client_id,stock_name,shares) VALUES (37641,"XNDXNNREUR",15);
INSERT INTO stock_owned (client_id,stock_name,shares) VALUES (53704,"XNDXNNRS3",405);
INSERT INTO stock_owned (client_id,stock_name,shares) VALUES (87505,"XNDXEUR",441);
INSERT INTO stock_owned (client_id,stock_name,shares) VALUES (13512,"XQC",149);
INSERT INTO stock_owned (client_id,stock_name,shares) VALUES (37641,"XNDXGBPMH",297);
INSERT INTO stock_owned (client_id,stock_name,shares) VALUES (14687,"XNDXGBPMH",818);
INSERT INTO stock_owned (client_id,stock_name,shares) VALUES (37641,"XNDXNNRS3",15);
INSERT INTO stock_owned (client_id,stock_name,shares) VALUES (37641,"XNDXL3TR",727);
INSERT INTO stock_owned (client_id,stock_name,shares) VALUES (14687,"XNDXT25NNR",258);
INSERT INTO stock_owned (client_id,stock_name,shares) VALUES (53704,"XNDXT25NNER",621);
INSERT INTO stock_owned (client_id,stock_name,shares) VALUES (32473,"XNDXNNREUR",906);
INSERT INTO stock_owned (client_id,stock_name,shares) VALUES (82338,"XNDXS1NNR",737);
INSERT INTO stock_owned (client_id,stock_name,shares) VALUES (83886,"XNDXEURMH",291);
INSERT INTO stock_owned (client_id,stock_name,shares) VALUES (14687,"XNDXS2",738);
INSERT INTO stock_owned (client_id,stock_name,shares) VALUES (13512,"XNDXGBP",129);
INSERT INTO stock_owned (client_id,stock_name,shares) VALUES (37641,"XNDXL",478);
INSERT INTO stock_owned (client_id,stock_name,shares) VALUES (32473,"XNDXNNRGBP",710);
INSERT INTO stock_owned (client_id,stock_name,shares) VALUES (13512,"XNDXT25NNR",639);
INSERT INTO stock_owned (client_id,stock_name,shares) VALUES (87505,"XNDXS1",47);
INSERT INTO stock_owned (client_id,stock_name,shares) VALUES (11466,"XNDXT25NNER",80);
INSERT INTO stock_owned (client_id,stock_name,shares) VALUES (83886,"XCMPNNR",227);
INSERT INTO stock_owned (client_id,stock_name,shares) VALUES (53704,"XNDXS1",59);
INSERT INTO stock_owned (client_id,stock_name,shares) VALUES (19337,"XNDXT25E",211);
INSERT INTO stock_owned (client_id,stock_name,shares) VALUES (13512,"XNDXEUR",864);
INSERT INTO stock_owned (client_id,stock_name,shares) VALUES (92192,"XNDXL",711);
INSERT INTO stock_owned (client_id,stock_name,shares) VALUES (14687,"XNDXNNREUR",904);
INSERT INTO stock_owned (client_id,stock_name,shares) VALUES (20163,"XNDXCHF",330);
INSERT INTO stock_owned (client_id,stock_name,shares) VALUES (92192,"XNDXCHFMH",727);
INSERT INTO stock_owned (client_id,stock_name,shares) VALUES (25997,"XNDXCHFMH",412);
INSERT INTO stock_owned (client_id,stock_name,shares) VALUES (53704,"XNDXEUR",203);
INSERT INTO stock_owned (client_id,stock_name,shares) VALUES (13512,"XNDXNNREUR",545);
INSERT INTO stock_owned (client_id,stock_name,shares) VALUES (92192,"XNDXGBPMH",112);
INSERT INTO stock_owned (client_id,stock_name,shares) VALUES (37641,"XNDXCHFMH",956);
INSERT INTO stock_owned (client_id,stock_name,shares) VALUES (83886,"XNDXCHFMH",997);
INSERT INTO stock_owned (client_id,stock_name,shares) VALUES (82338,"XNDXL3TR",201);
INSERT INTO stock_owned (client_id,stock_name,shares) VALUES (20163,"XNDXNNRHKD",347);
INSERT INTO stock_owned (client_id,stock_name,shares) VALUES (20163,"XNDXGBPMH",547);
INSERT INTO stock_owned (client_id,stock_name,shares) VALUES (20163,"XNDXGBP",762);
INSERT INTO stock_owned (client_id,stock_name,shares) VALUES (83886,"XNDXCHF",372);
INSERT INTO stock_owned (client_id,stock_name,shares) VALUES (25997,"XNDXEUR",827);
INSERT INTO stock_owned (client_id,stock_name,shares) VALUES (19337,"XNDXL3TR",274);
INSERT INTO stock_owned (client_id,stock_name,shares) VALUES (19337,"XNDXL",399);
INSERT INTO stock_owned (client_id,stock_name,shares) VALUES (25997,"XNDXEUR",996);
INSERT INTO stock_owned (client_id,stock_name,shares) VALUES (87505,"XNDXNNRGBP",609);
INSERT INTO stock_owned (client_id,stock_name,shares) VALUES (19337,"XNDXT25E",997);
INSERT INTO stock_owned (client_id,stock_name,shares) VALUES (13512,"XNDXNNRS3",836);
INSERT INTO stock_owned (client_id,stock_name,shares) VALUES (19337,"XNDXNNRCHF",745);
INSERT INTO stock_owned (client_id,stock_name,shares) VALUES (19337,"XQC",894);
INSERT INTO stock_owned (client_id,stock_name,shares) VALUES (53704,"XNDXS2NNR",99);
INSERT INTO stock_owned (client_id,stock_name,shares) VALUES (83886,"XNDXNNREUR",401);
INSERT INTO stock_owned (client_id,stock_name,shares) VALUES (37641,"XNDXT25E",558);
INSERT INTO stock_owned (client_id,stock_name,shares) VALUES (92192,"XNDXGBPMH",817);
INSERT INTO stock_owned (client_id,stock_name,shares) VALUES (19337,"XNDXT25NNER",664);
INSERT INTO stock_owned (client_id,stock_name,shares) VALUES (82338,"XNDXHKD",696);
INSERT INTO stock_owned (client_id,stock_name,shares) VALUES (53704,"XNDXEUR",454);
INSERT INTO stock_owned (client_id,stock_name,shares) VALUES (25997,"XNDXNNRHKD",215);
INSERT INTO stock_owned (client_id,stock_name,shares) VALUES (82338,"XNDXHKD",502);
INSERT INTO stock_owned (client_id,stock_name,shares) VALUES (92192,"XNDXS1NNR",184);
INSERT INTO stock_owned (client_id,stock_name,shares) VALUES (25997,"XNDXS2NNR",144);
INSERT INTO stock_owned (client_id,stock_name,shares) VALUES (53704,"XNDXEUR",634);
INSERT INTO stock_owned (client_id,stock_name,shares) VALUES (37641,"XNDXT25",968);
INSERT INTO stock_owned (client_id,stock_name,shares) VALUES (20163,"XNDXNNRS3",22);
INSERT INTO stock_owned (client_id,stock_name,shares) VALUES (53704,"XNDXT25",131);
INSERT INTO stock_owned (client_id,stock_name,shares) VALUES (37641,"XNDXHKD",458);
INSERT INTO stock_owned (client_id,stock_name,shares) VALUES (14687,"XQC",179);
INSERT INTO stock_owned (client_id,stock_name,shares) VALUES (19337,"XNDXL",812);
INSERT INTO stock_owned (client_id,stock_name,shares) VALUES (92192,"XNDXT25",123);
INSERT INTO stock_owned (client_id,stock_name,shares) VALUES (87505,"XNDXS2",51);
INSERT INTO stock_owned (client_id,stock_name,shares) VALUES (20163,"XCMPNNR",42);
INSERT INTO stock_owned (client_id,stock_name,shares) VALUES (83886,"XNDXNNRGBP",952);
INSERT INTO stock_owned (client_id,stock_name,shares) VALUES (14687,"XNDXT25NNER",112);
INSERT INTO stock_owned (client_id,stock_name,shares) VALUES (53704,"XNDXS2NNR",492);
INSERT INTO stock_owned (client_id,stock_name,shares) VALUES (20163,"XNDXCHF",804);
INSERT INTO stock_owned (client_id,stock_name,shares) VALUES (13512,"XNDXNNRCAD",320);
INSERT INTO stock_owned (client_id,stock_name,shares) VALUES (87505,"XNDXEUR",783);
INSERT INTO stock_owned (client_id,stock_name,shares) VALUES (25997,"XNDXEURMH",198);
INSERT INTO stock_owned (client_id,stock_name,shares) VALUES (53704,"XNDXS2NNR",9);
INSERT INTO stock_owned (client_id,stock_name,shares) VALUES (19337,"XNDXS2",76);
INSERT INTO stock_owned (client_id,stock_name,shares) VALUES (53704,"XNDXL3TR",782);
INSERT INTO stock_owned (client_id,stock_name,shares) VALUES (82338,"XNDXS2NNR",507);
INSERT INTO stock_owned (client_id,stock_name,shares) VALUES (11466,"XQC",262);
INSERT INTO stock_owned (client_id,stock_name,shares) VALUES (20163,"XNDXNNRS3",698);
INSERT INTO stock_owned (client_id,stock_name,shares) VALUES (32473,"XNDXS2",479);
INSERT INTO stock_owned (client_id,stock_name,shares) VALUES (14687,"XNDXCHFMH",450);
INSERT INTO stock_owned (client_id,stock_name,shares) VALUES (25997,"XNDXL3TR",566);
INSERT INTO stock_owned (client_id,stock_name,shares) VALUES (11466,"XNDXGBPMH",310);
INSERT INTO stock_owned (client_id,stock_name,shares) VALUES (13512,"XNDXS1",450);
INSERT INTO stock_owned (client_id,stock_name,shares) VALUES (20163,"XNDXCAD",502);
INSERT INTO stock_owned (client_id,stock_name,shares) VALUES (14687,"XNDXS1",897);
INSERT INTO stock_owned (client_id,stock_name,shares) VALUES (37641,"XNDXNNRCAD",456);
INSERT INTO stock_owned (client_id,stock_name,shares) VALUES (13512,"XNDXGBP",913);
INSERT INTO stock_owned (client_id,stock_name,shares) VALUES (13512,"XNDXNNRCHF",800);
INSERT INTO stock_owned (client_id,stock_name,shares) VALUES (14687,"XNDXT25NNER",724);
INSERT INTO stock_owned (client_id,stock_name,shares) VALUES (13512,"XNDXT25",164);
INSERT INTO stock_owned (client_id,stock_name,shares) VALUES (14687,"XNDXT25",786);
INSERT INTO stock_owned (client_id,stock_name,shares) VALUES (83886,"XNDXGBPMH",669);
INSERT INTO stock_owned (client_id,stock_name,shares) VALUES (14687,"XNDXNNRCAD",254);
INSERT INTO stock_owned (client_id,stock_name,shares) VALUES (11466,"XNDXNNRHKD",548);
INSERT INTO stock_owned (client_id,stock_name,shares) VALUES (11466,"XNDXT25",775);
INSERT INTO stock_owned (client_id,stock_name,shares) VALUES (53704,"XNDXCHF",813);
INSERT INTO stock_owned (client_id,stock_name,shares) VALUES (25997,"XNDXS2NNR",423);
INSERT INTO stock_owned (client_id,stock_name,shares) VALUES (20163,"XNDXT25E",754);
INSERT INTO stock_owned (client_id,stock_name,shares) VALUES (87505,"XNDXL",762);
INSERT INTO stock_owned (client_id,stock_name,shares) VALUES (14687,"XNDXS1NNR",467);
INSERT INTO stock_owned (client_id,stock_name,shares) VALUES (53704,"XNDXEURMH",592);
INSERT INTO stock_owned (client_id,stock_name,shares) VALUES (11466,"XNDXEURMH",636);
INSERT INTO stock_owned (client_id,stock_name,shares) VALUES (13512,"XCMPNNR",817);
INSERT INTO stock_owned (client_id,stock_name,shares) VALUES (14687,"XNDXT25NNER",551);
INSERT INTO stock_owned (client_id,stock_name,shares) VALUES (53704,"XNDXGBPMH",627);
INSERT INTO stock_owned (client_id,stock_name,shares) VALUES (32473,"XNDXS2NNR",969);
INSERT INTO stock_owned (client_id,stock_name,shares) VALUES (13512,"XNBINNR",798);
INSERT INTO stock_owned (client_id,stock_name,shares) VALUES (20163,"XNDXT25",43);
INSERT INTO stock_owned (client_id,stock_name,shares) VALUES (87505,"XNDXL",849);
INSERT INTO stock_owned (client_id,stock_name,shares) VALUES (37641,"XNDXNNREUR",770);
INSERT INTO stock_owned (client_id,stock_name,shares) VALUES (87505,"XNDXNNRCHF",189);
INSERT INTO stock_owned (client_id,stock_name,shares) VALUES (19337,"XNDXNNRS3",888);
INSERT INTO stock_owned (client_id,stock_name,shares) VALUES (25997,"XNDXGBP",30);
INSERT INTO stock_owned (client_id,stock_name,shares) VALUES (19337,"XNDXT25NNR",361);
INSERT INTO stock_owned (client_id,stock_name,shares) VALUES (20163,"XNDXCHF",38);
INSERT INTO stock_owned (client_id,stock_name,shares) VALUES (14687,"XNDXT25NNR",879);
INSERT INTO stock_owned (client_id,stock_name,shares) VALUES (25997,"XNDXNNREUR",484);
INSERT INTO stock_owned (client_id,stock_name,shares) VALUES (14687,"XNBINNR",783);
INSERT INTO stock_owned (client_id,stock_name,shares) VALUES (92192,"XNDXEURMH",577);
INSERT INTO stock_owned (client_id,stock_name,shares) VALUES (13512,"XNDXS2",954);
INSERT INTO stock_owned (client_id,stock_name,shares) VALUES (83886,"XNDXT25NNER",85);
INSERT INTO stock_owned (client_id,stock_name,shares) VALUES (14687,"XNDXT25NNR",572);
INSERT INTO stock_owned (client_id,stock_name,shares) VALUES (20163,"XNDXS1",109);
INSERT INTO stock_owned (client_id,stock_name,shares) VALUES (13512,"XNDXS1",751);
INSERT INTO stock_owned (client_id,stock_name,shares) VALUES (92192,"XNDXS1",844);
INSERT INTO stock_owned (client_id,stock_name,shares) VALUES (20163,"XNDXEUR",517);
INSERT INTO stock_owned (client_id,stock_name,shares) VALUES (37641,"XNDXCAD",282);
INSERT INTO stock_owned (client_id,stock_name,shares) VALUES (20163,"XNDXHKD",170);
INSERT INTO stock_owned (client_id,stock_name,shares) VALUES (11466,"XNDXT25NNR",405);
INSERT INTO stock_owned (client_id,stock_name,shares) VALUES (19337,"XNDXCHFMH",671);
INSERT INTO stock_owned (client_id,stock_name,shares) VALUES (87505,"XNDXCHF",622);
INSERT INTO stock_owned (client_id,stock_name,shares) VALUES (25997,"XNDXGBP",336);
INSERT INTO stock_owned (client_id,stock_name,shares) VALUES (83886,"XNBINNR",133);
INSERT INTO stock_owned (client_id,stock_name,shares) VALUES (87505,"XNDXT25",212);
INSERT INTO stock_owned (client_id,stock_name,shares) VALUES (19337,"XCMPNNR",702);
INSERT INTO stock_owned (client_id,stock_name,shares) VALUES (37641,"XNDXNNRCAD",548);
INSERT INTO stock_owned (client_id,stock_name,shares) VALUES (14687,"XNDXCHFMH",784);
INSERT INTO stock_owned (client_id,stock_name,shares) VALUES (53704,"XNDXCHF",241);
INSERT INTO stock_owned (client_id,stock_name,shares) VALUES (87505,"XNDXNNREUR",688);
INSERT INTO stock_owned (client_id,stock_name,shares) VALUES (25997,"XNDXS1",999);
INSERT INTO stock_owned (client_id,stock_name,shares) VALUES (82338,"XNDXNNRCHF",741);
INSERT INTO stock_owned (client_id,stock_name,shares) VALUES (82338,"XNDXNNRCHF",694);
INSERT INTO stock_owned (client_id,stock_name,shares) VALUES (19337,"XNDXS2NNR",481);
INSERT INTO stock_owned (client_id,stock_name,shares) VALUES (20163,"XNDXEUR",241);
INSERT INTO stock_owned (client_id,stock_name,shares) VALUES (32473,"XNDXT25E",788);
INSERT INTO stock_owned (client_id,stock_name,shares) VALUES (92192,"XNDXS1",50);
INSERT INTO stock_owned (client_id,stock_name,shares) VALUES (92192,"XNDXT25E",200);
INSERT INTO stock_owned (client_id,stock_name,shares) VALUES (92192,"XNBINNR",840);
INSERT INTO stock_owned (client_id,stock_name,shares) VALUES (11466,"XNDXT25NNR",143);
INSERT INTO stock_owned (client_id,stock_name,shares) VALUES (53704,"XNDXNNRS3",972);
INSERT INTO stock_owned (client_id,stock_name,shares) VALUES (11466,"XNDXT25NNER",238);
INSERT INTO stock_owned (client_id,stock_name,shares) VALUES (37641,"XNBINNR",446);
INSERT INTO stock_owned (client_id,stock_name,shares) VALUES (87505,"XNDXEUR",759);
INSERT INTO stock_owned (client_id,stock_name,shares) VALUES (87505,"XNDXT25",297);
INSERT INTO stock_owned (client_id,stock_name,shares) VALUES (13512,"XNDXGBPMH",777);
INSERT INTO stock_owned (client_id,stock_name,shares) VALUES (25997,"XNDXNNRHKD",731);
INSERT INTO stock_owned (client_id,stock_name,shares) VALUES (82338,"XNDXNNRCHF",33);
INSERT INTO stock_owned (client_id,stock_name,shares) VALUES (19337,"XNDXS1",163);
INSERT INTO stock_owned (client_id,stock_name,shares) VALUES (87505,"XNDXS1",918);
INSERT INTO stock_owned (client_id,stock_name,shares) VALUES (25997,"XNDXT25E",187);
INSERT INTO stock_owned (client_id,stock_name,shares) VALUES (83886,"XNDXHKD",158);
INSERT INTO stock_owned (client_id,stock_name,shares) VALUES (82338,"XNDXS1",944);
INSERT INTO stock_owned (client_id,stock_name,shares) VALUES (83886,"XNDXGBPMH",682);
INSERT INTO stock_owned (client_id,stock_name,shares) VALUES (20163,"XCMPNNR",229);
INSERT INTO stock_owned (client_id,stock_name,shares) VALUES (53704,"XNDXCHFMH",793);
INSERT INTO stock_owned (client_id,stock_name,shares) VALUES (37641,"XNDXNNRGBP",537);
INSERT INTO stock_owned (client_id,stock_name,shares) VALUES (25997,"XNDXT25E",145);
INSERT INTO stock_owned (client_id,stock_name,shares) VALUES (25997,"XNDXS2",125);
INSERT INTO stock_owned (client_id,stock_name,shares) VALUES (20163,"XNDXNNRCHF",362);
INSERT INTO stock_owned (client_id,stock_name,shares) VALUES (82338,"XNDXS1NNR",871);
INSERT INTO stock_owned (client_id,stock_name,shares) VALUES (11466,"XNDXNNRCHF",143);
INSERT INTO stock_owned (client_id,stock_name,shares) VALUES (83886,"XNDXNNRCAD",368);
INSERT INTO stock_owned (client_id,stock_name,shares) VALUES (53704,"XNDXS2NNR",842);
INSERT INTO stock_owned (client_id,stock_name,shares) VALUES (92192,"XNDXNNRGBP",260);
INSERT INTO stock_owned (client_id,stock_name,shares) VALUES (19337,"XNDXL3TR",919);
INSERT INTO stock_owned (client_id,stock_name,shares) VALUES (87505,"XCMPNNR",720);
INSERT INTO stock_owned (client_id,stock_name,shares) VALUES (20163,"XNDXL3TR",950);
INSERT INTO stock_owned (client_id,stock_name,shares) VALUES (32473,"XNDXS2",696);
INSERT INTO stock_owned (client_id,stock_name,shares) VALUES (82338,"XNDXCHFMH",522);
INSERT INTO stock_owned (client_id,stock_name,shares) VALUES (37641,"XNDXEURMH",875);
INSERT INTO stock_owned (client_id,stock_name,shares) VALUES (82338,"XNDXS2NNR",465);
INSERT INTO stock_owned (client_id,stock_name,shares) VALUES (25997,"XNDXGBPMH",136);
INSERT INTO stock_owned (client_id,stock_name,shares) VALUES (53704,"XCMPNNR",111);
INSERT INTO stock_owned (client_id,stock_name,shares) VALUES (82338,"XNDXS1NNR",654);
INSERT INTO stock_owned (client_id,stock_name,shares) VALUES (11466,"XNDXCHF",914);
INSERT INTO stock_owned (client_id,stock_name,shares) VALUES (83886,"XNDXL3TR",220);
INSERT INTO stock_owned (client_id,stock_name,shares) VALUES (37641,"XNBINNR",186);
INSERT INTO stock_owned (client_id,stock_name,shares) VALUES (19337,"XNDXT25E",434);
INSERT INTO stock_owned (client_id,stock_name,shares) VALUES (32473,"XNDXCHFMH",56);
INSERT INTO stock_owned (client_id,stock_name,shares) VALUES (13512,"XQC",477);
INSERT INTO stock_owned (client_id,stock_name,shares) VALUES (32473,"XNBINNR",234);
INSERT INTO stock_owned (client_id,stock_name,shares) VALUES (11466,"XNDXNNREUR",938);
INSERT INTO stock_owned (client_id,stock_name,shares) VALUES (32473,"XNDXGBP",79);
INSERT INTO stock_owned (client_id,stock_name,shares) VALUES (20163,"XNDXEUR",500);
INSERT INTO stock_owned (client_id,stock_name,shares) VALUES (37641,"XNDXS1NNR",62);
INSERT INTO stock_owned (client_id,stock_name,shares) VALUES (87505,"XQC",10);
INSERT INTO stock_owned (client_id,stock_name,shares) VALUES (32473,"XNDXS2NNR",144);
INSERT INTO stock_owned (client_id,stock_name,shares) VALUES (87505,"XNDXS1",146);
INSERT INTO stock_owned (client_id,stock_name,shares) VALUES (87505,"XNDXEUR",266);
INSERT INTO stock_owned (client_id,stock_name,shares) VALUES (83886,"XNDXL3TR",300);
INSERT INTO stock_owned (client_id,stock_name,shares) VALUES (82338,"XNDXEURMH",749);
INSERT INTO stock_owned (client_id,stock_name,shares) VALUES (20163,"XNDXL3TR",17);
INSERT INTO stock_owned (client_id,stock_name,shares) VALUES (53704,"XNDXEUR",808);
INSERT INTO stock_owned (client_id,stock_name,shares) VALUES (92192,"XNDXT25",179);
INSERT INTO stock_owned (client_id,stock_name,shares) VALUES (53704,"XQC",25);
INSERT INTO stock_owned (client_id,stock_name,shares) VALUES (25997,"XNDXHKD",326);
INSERT INTO stock_owned (client_id,stock_name,shares) VALUES (20163,"XNDXS1",505);
INSERT INTO stock_owned (client_id,stock_name,shares) VALUES (14687,"XNDXT25NNER",630);
INSERT INTO stock_owned (client_id,stock_name,shares) VALUES (25997,"XNDXT25",709);
INSERT INTO stock_owned (client_id,stock_name,shares) VALUES (14687,"XNDXT25",842);
INSERT INTO stock_owned (client_id,stock_name,shares) VALUES (92192,"XNDXNNRGBP",502);
INSERT INTO stock_owned (client_id,stock_name,shares) VALUES (53704,"XNDXT25NNER",461);
INSERT INTO stock_owned (client_id,stock_name,shares) VALUES (20163,"XNDXCHF",890);
INSERT INTO stock_owned (client_id,stock_name,shares) VALUES (13512,"XNDXHKD",954);
INSERT INTO stock_owned (client_id,stock_name,shares) VALUES (25997,"XCMPNNR",78);
INSERT INTO stock_owned (client_id,stock_name,shares) VALUES (53704,"XNDXGBPMH",991);
INSERT INTO stock_owned (client_id,stock_name,shares) VALUES (32473,"XNDXNNREUR",29);
INSERT INTO stock_owned (client_id,stock_name,shares) VALUES (13512,"XNDXL3TR",509);
INSERT INTO stock_owned (client_id,stock_name,shares) VALUES (92192,"XNDXNNRHKD",156);
INSERT INTO stock_owned (client_id,stock_name,shares) VALUES (11466,"XNDXCHF",721);
INSERT INTO stock_owned (client_id,stock_name,shares) VALUES (25997,"XNDXNNRS3",875);
INSERT INTO stock_owned (client_id,stock_name,shares) VALUES (20163,"XNDXGBP",963);
INSERT INTO stock_owned (client_id,stock_name,shares) VALUES (53704,"XNDXS2",221);
INSERT INTO stock_owned (client_id,stock_name,shares) VALUES (14687,"XNDXNNRS3",516);
INSERT INTO stock_owned (client_id,stock_name,shares) VALUES (53704,"XNDXGBPMH",475);
INSERT INTO stock_owned (client_id,stock_name,shares) VALUES (25997,"XQC",784);
INSERT INTO stock_owned (client_id,stock_name,shares) VALUES (25997,"XNDXS1NNR",201);
INSERT INTO stock_owned (client_id,stock_name,shares) VALUES (14687,"XNDXCAD",524);
INSERT INTO stock_owned (client_id,stock_name,shares) VALUES (20163,"XNDXT25",18);
INSERT INTO stock_owned (client_id,stock_name,shares) VALUES (83886,"XNDXGBP",298);
INSERT INTO stock_owned (client_id,stock_name,shares) VALUES (25997,"XNDXS1",862);
INSERT INTO stock_owned (client_id,stock_name,shares) VALUES (25997,"XNDXCAD",592);
INSERT INTO stock_owned (client_id,stock_name,shares) VALUES (11466,"XNDXNNRCHF",348);
INSERT INTO stock_owned (client_id,stock_name,shares) VALUES (92192,"XNDXNNRCAD",622);
INSERT INTO stock_owned (client_id,stock_name,shares) VALUES (25997,"XNDXL3TR",48);
INSERT INTO stock_owned (client_id,stock_name,shares) VALUES (13512,"XNDXS1NNR",526);
INSERT INTO stock_owned (client_id,stock_name,shares) VALUES (11466,"XNDXNNRS3",500);
INSERT INTO stock_owned (client_id,stock_name,shares) VALUES (32473,"XNDXS2",487);
INSERT INTO stock_owned (client_id,stock_name,shares) VALUES (87505,"XNDXEURMH",382);
INSERT INTO stock_owned (client_id,stock_name,shares) VALUES (19337,"XNDXCHF",95);
INSERT INTO stock_owned (client_id,stock_name,shares) VALUES (92192,"XNDXNNRCHF",876);
INSERT INTO stock_owned (client_id,stock_name,shares) VALUES (37641,"XNDXS2",897);
INSERT INTO stock_owned (client_id,stock_name,shares) VALUES (53704,"XQC",412);
INSERT INTO stock_owned (client_id,stock_name,shares) VALUES (25997,"XNDXCAD",192);
INSERT INTO stock_owned (client_id,stock_name,shares) VALUES (13512,"XNDXNNRHKD",557);
INSERT INTO stock_owned (client_id,stock_name,shares) VALUES (25997,"XNDXS2",537);
INSERT INTO stock_owned (client_id,stock_name,shares) VALUES (25997,"XNDXGBP",58);
INSERT INTO stock_owned (client_id,stock_name,shares) VALUES (82338,"XNDXT25E",48);
INSERT INTO stock_owned (client_id,stock_name,shares) VALUES (32473,"XNDXT25",851);
INSERT INTO stock_owned (client_id,stock_name,shares) VALUES (13512,"XNDXCHF",139);
INSERT INTO stock_owned (client_id,stock_name,shares) VALUES (32473,"XNDXHKD",667);
INSERT INTO stock_owned (client_id,stock_name,shares) VALUES (14687,"XNDXS1NNR",174);
INSERT INTO stock_owned (client_id,stock_name,shares) VALUES (19337,"XNBINNR",326);
INSERT INTO stock_owned (client_id,stock_name,shares) VALUES (37641,"XNDXGBP",301);
