INSERT INTO broker (id,last_name,first_name,phone_num,email,address) VALUES (27043,"Schroeder","Ashly",9625845629,"Ashly.Schroeder@test.com","9377 Bohemia Lane");
INSERT INTO broker (id,last_name,first_name,phone_num,email,address) VALUES (51051,"Mccann","Clarence",5113823971,"Clarence.Mccann@test.com","9043 Crescent St.");
INSERT INTO broker (id,last_name,first_name,phone_num,email,address) VALUES (70839,"Bolton","Jerimiah",7085202276,"Jerimiah.Bolton@test.com","78 Silver Spear St.");
INSERT INTO broker (id,last_name,first_name,phone_num,email,address) VALUES (65928,"Choi","Lina",9768553659,"Lina.Choi@test.com","136 Brickyard Dr.");
INSERT INTO broker (id,last_name,first_name,phone_num,email,address) VALUES (55187,"Wallace","Noah",3227999859,"Noah.Wallace@test.com","7812 Wayne Lane");
INSERT INTO broker (id,last_name,first_name,phone_num,email,address) VALUES (31543,"Cruz","Addyson",1805529823,"Addyson.Cruz@test.com","9407 Trusel Ave.");
INSERT INTO broker (id,last_name,first_name,phone_num,email,address) VALUES (76285,"Gallegos","Daniel",9850786984,"Daniel.Gallegos@test.com","253 Circle Street");
INSERT INTO client (id,last_name,first_name,phone_num,email,address,cash) VALUES (92192,"Baird","Enzo",8245922080,"Enzo.Baird@test.com","7670 E. Liberty Court",82034);
INSERT INTO client (id,last_name,first_name,phone_num,email,address,cash) VALUES (82338,"Acevedo","Thalia",3091476021,"Thalia.Acevedo@test.com","8228 Surrey Street",55983);
INSERT INTO client (id,last_name,first_name,phone_num,email,address,cash) VALUES (19337,"Krueger","Jose",9183388741,"Jose.Krueger@test.com","9990 East Riverview Road",17717);
INSERT INTO client (id,last_name,first_name,phone_num,email,address,cash) VALUES (13512,"Galvan","Agustin",7093796099,"Agustin.Galvan@test.com","445 Dunbar St.",72200);
INSERT INTO client (id,last_name,first_name,phone_num,email,address,cash) VALUES (11466,"Chavez","Erika",2840946032,"Erika.Chavez@test.com","49 Race Drive",31076);
INSERT INTO client (id,last_name,first_name,phone_num,email,address,cash) VALUES (32473,"Richardson","Jaidyn",4042317514,"Jaidyn.Richardson@test.com","662 Airport St.",91786);
INSERT INTO client (id,last_name,first_name,phone_num,email,address,cash) VALUES (53704,"Davenport","Andres",5352385797,"Andres.Davenport@test.com","946 Orchard Street",68014);
INSERT INTO client (id,last_name,first_name,phone_num,email,address,cash) VALUES (87505,"French","Libby",6380251487,"Libby.French@test.com","9338 Mayflower St.",43620);
INSERT INTO client (id,last_name,first_name,phone_num,email,address,cash) VALUES (83886,"Hester","Anika",2691739135,"Anika.Hester@test.com","6 Brickyard Street",2434);
INSERT INTO client (id,last_name,first_name,phone_num,email,address,cash) VALUES (37641,"Wong","Darrell",4029257590,"Darrell.Wong@test.com","7163 Tunnel Street",99828);
INSERT INTO client (id,last_name,first_name,phone_num,email,address,cash) VALUES (25997,"Rush","Shayla",8482174056,"Shayla.Rush@test.com","865 Taylor Ave.",67541);
INSERT INTO client (id,last_name,first_name,phone_num,email,address,cash) VALUES (20163,"Swanson","Josh",8433801684,"Josh.Swanson@test.com","159 Bridge St.",79139);
INSERT INTO client (id,last_name,first_name,phone_num,email,address,cash) VALUES (14687,"Copeland","Emmalee",2085980168,"Emmalee.Copeland@test.com","75 New St.",14447);
INSERT INTO credentials (username,password) VALUES ("Snarelure","p4ScNtGGL_"/*,27043*/);
INSERT INTO credentials (username,password) VALUES ("Skullbone","nv_20Ij#j5"/*,51051*/);
INSERT INTO credentials (username,password) VALUES ("Burnblaze","iA9+zgD=df"/*,70839*/);
INSERT INTO credentials (username,password) VALUES ("Emberburn","q3MO%H690Z"/*,65928*/);
INSERT INTO credentials (username,password) VALUES ("Emberfire","cv1qK^_zEJ"/*,55187*/);
INSERT INTO credentials (username,password) VALUES ("Evilember","Sqkei2%vSp"/*,31543*/);
INSERT INTO credentials (username,password) VALUES ("Firespawn","i%2QID?k2p"/*,76285*/);
INSERT INTO credentials (username,password) VALUES ("Flameblow","uA^l3W=8SW"/*,92192*/);
INSERT INTO credentials (username,password) VALUES ("SniperGod","iBem9Y6~TI"/*,82338*/);
INSERT INTO credentials (username,password) VALUES ("TalkBomber","ecc=n98Pfg"/*,19337*/);
INSERT INTO credentials (username,password) VALUES ("SniperWish","eTeW*cN5lp"/*,13512*/);
INSERT INTO credentials (username,password) VALUES ("RavySnake","hFits9*Xo6"/*,11466*/);
INSERT INTO credentials (username,password) VALUES ("WebTool","az=Wis80!M"/*,32473*/);
INSERT INTO credentials (username,password) VALUES ("TurtleCat","uUjgfu*v4i"/*,53704*/);
INSERT INTO credentials (username,password) VALUES ("BlogWobbles","Y%W*Eh47r9"/*,87505*/);
INSERT INTO credentials (username,password) VALUES ("LuckyDusty","BjS+dus$X6"/*,83886*/);
INSERT INTO credentials (username,password) VALUES ("RumChicken","r97Ya%Pmey"/*,37641*/);
INSERT INTO credentials (username,password) VALUES ("StonedTime","n&jjX@z1BU"/*,25997*/);
INSERT INTO credentials (username,password) VALUES ("CouchChiller","N5$A*tj3Yp"/*,20163*/);
INSERT INTO credentials (username,password) VALUES ("VisualMaster","Gk#PJRoVFW"/*,14687*/);
INSERT INTO stock (name,opening_price,closing_price,change) VALUES ("AAPL",93869,34907,-590);
INSERT INTO stock (name,opening_price,closing_price,change) VALUES ("GOOG",60057,60542,-590);
INSERT INTO stock (name,opening_price,closing_price,change) VALUES ("MSFT",65437,22546,-590);
INSERT INTO stock (name,opening_price,closing_price,change) VALUES ("FB",85887,40320,-590);
INSERT INTO stock (name,opening_price,closing_price,change) VALUES ("TSM",9123,96387,-590);
INSERT INTO stock (name,opening_price,closing_price,change) VALUES ("ORCL",6526,27267,-590);
INSERT INTO stock (name,opening_price,closing_price,change) VALUES ("CSCO",49923,82497,-590);
INSERT INTO stock (name,opening_price,closing_price,change) VALUES ("IBM",27797,47890,-590);
INSERT INTO stock (name,opening_price,closing_price,change) VALUES ("NVDA",8366,93029,-590);
INSERT INTO relationship (broker_id,client_id) VALUES (70839,92192);
INSERT INTO relationship (broker_id,client_id) VALUES (76285,82338);
INSERT INTO relationship (broker_id,client_id) VALUES (27043,19337);
INSERT INTO relationship (broker_id,client_id) VALUES (55187,13512);
INSERT INTO relationship (broker_id,client_id) VALUES (55187,11466);
INSERT INTO relationship (broker_id,client_id) VALUES (31543,32473);
INSERT INTO relationship (broker_id,client_id) VALUES (65928,53704);
INSERT INTO relationship (broker_id,client_id) VALUES (76285,87505);
INSERT INTO relationship (broker_id,client_id) VALUES (70839,83886);
INSERT INTO relationship (broker_id,client_id) VALUES (51051,37641);
INSERT INTO relationship (broker_id,client_id) VALUES (27043,25997);
INSERT INTO relationship (broker_id,client_id) VALUES (55187,20163);
INSERT INTO relationship (broker_id,client_id) VALUES (76285,14687);
INSERT INTO stock_owned (client_id,stock_name,amt_shares) VALUES (25997,"MSFT",860);
INSERT INTO stock_owned (client_id,stock_name,amt_shares) VALUES (19337,"AAPL",204);
INSERT INTO stock_owned (client_id,stock_name,amt_shares) VALUES (92192,"TSM",44);
INSERT INTO stock_owned (client_id,stock_name,amt_shares) VALUES (37641,"TSM",965);
INSERT INTO stock_owned (client_id,stock_name,amt_shares) VALUES (92192,"ORCL",161);
INSERT INTO stock_owned (client_id,stock_name,amt_shares) VALUES (82338,"MSFT",573);
INSERT INTO stock_owned (client_id,stock_name,amt_shares) VALUES (87505,"CSCO",223);
INSERT INTO stock_owned (client_id,stock_name,amt_shares) VALUES (87505,"FB",912);
INSERT INTO stock_owned (client_id,stock_name,amt_shares) VALUES (53704,"IBM",982);
INSERT INTO stock_owned (client_id,stock_name,amt_shares) VALUES (82338,"TSM",340);
INSERT INTO stock_owned (client_id,stock_name,amt_shares) VALUES (37641,"IBM",976);
INSERT INTO stock_owned (client_id,stock_name,amt_shares) VALUES (32473,"FB",250);
INSERT INTO stock_owned (client_id,stock_name,amt_shares) VALUES (11466,"CSCO",766);
INSERT INTO stock_owned (client_id,stock_name,amt_shares) VALUES (25997,"GOOG",71);
INSERT INTO stock_owned (client_id,stock_name,amt_shares) VALUES (19337,"TSM",875);
INSERT INTO stock_owned (client_id,stock_name,amt_shares) VALUES (19337,"TSM",642);
INSERT INTO stock_owned (client_id,stock_name,amt_shares) VALUES (14687,"FB",657);
INSERT INTO stock_owned (client_id,stock_name,amt_shares) VALUES (83886,"AAPL",368);
INSERT INTO stock_owned (client_id,stock_name,amt_shares) VALUES (37641,"ORCL",168);
INSERT INTO stock_owned (client_id,stock_name,amt_shares) VALUES (20163,"CSCO",132);
INSERT INTO stock_owned (client_id,stock_name,amt_shares) VALUES (20163,"ORCL",584);
INSERT INTO stock_owned (client_id,stock_name,amt_shares) VALUES (37641,"AAPL",462);
INSERT INTO stock_owned (client_id,stock_name,amt_shares) VALUES (53704,"TSM",309);
INSERT INTO stock_owned (client_id,stock_name,amt_shares) VALUES (20163,"GOOG",747);
INSERT INTO stock_owned (client_id,stock_name,amt_shares) VALUES (87505,"AAPL",606);
INSERT INTO stock_owned (client_id,stock_name,amt_shares) VALUES (37641,"MSFT",887);
INSERT INTO stock_owned (client_id,stock_name,amt_shares) VALUES (14687,"AAPL",745);
INSERT INTO stock_owned (client_id,stock_name,amt_shares) VALUES (19337,"FB",551);
INSERT INTO stock_owned (client_id,stock_name,amt_shares) VALUES (13512,"MSFT",822);
INSERT INTO stock_owned (client_id,stock_name,amt_shares) VALUES (19337,"IBM",285);
INSERT INTO stock_owned (client_id,stock_name,amt_shares) VALUES (37641,"NVDA",571);
INSERT INTO stock_owned (client_id,stock_name,amt_shares) VALUES (19337,"NVDA",943);
INSERT INTO stock_owned (client_id,stock_name,amt_shares) VALUES (92192,"NVDA",65);
INSERT INTO stock_owned (client_id,stock_name,amt_shares) VALUES (83886,"NVDA",939);
INSERT INTO stock_owned (client_id,stock_name,amt_shares) VALUES (92192,"MSFT",262);
INSERT INTO stock_owned (client_id,stock_name,amt_shares) VALUES (19337,"ORCL",329);
INSERT INTO stock_owned (client_id,stock_name,amt_shares) VALUES (13512,"CSCO",487);
INSERT INTO stock_owned (client_id,stock_name,amt_shares) VALUES (53704,"TSM",870);
INSERT INTO stock_owned (client_id,stock_name,amt_shares) VALUES (19337,"MSFT",65);
INSERT INTO stock_owned (client_id,stock_name,amt_shares) VALUES (37641,"GOOG",257);
INSERT INTO stock_owned (client_id,stock_name,amt_shares) VALUES (87505,"FB",807);
INSERT INTO stock_owned (client_id,stock_name,amt_shares) VALUES (83886,"FB",458);
INSERT INTO stock_owned (client_id,stock_name,amt_shares) VALUES (20163,"FB",641);
INSERT INTO stock_owned (client_id,stock_name,amt_shares) VALUES (20163,"AAPL",714);
INSERT INTO stock_owned (client_id,stock_name,amt_shares) VALUES (32473,"MSFT",272);
INSERT INTO stock_owned (client_id,stock_name,amt_shares) VALUES (11466,"NVDA",83);
INSERT INTO stock_owned (client_id,stock_name,amt_shares) VALUES (11466,"ORCL",148);
INSERT INTO stock_owned (client_id,stock_name,amt_shares) VALUES (25997,"TSM",400);
INSERT INTO stock_owned (client_id,stock_name,amt_shares) VALUES (37641,"NVDA",117);
INSERT INTO stock_owned (client_id,stock_name,amt_shares) VALUES (20163,"IBM",739);
INSERT INTO stock_owned (client_id,stock_name,amt_shares) VALUES (83886,"NVDA",335);
INSERT INTO stock_owned (client_id,stock_name,amt_shares) VALUES (13512,"MSFT",276);
INSERT INTO stock_owned (client_id,stock_name,amt_shares) VALUES (92192,"NVDA",907);
INSERT INTO stock_owned (client_id,stock_name,amt_shares) VALUES (32473,"IBM",464);
INSERT INTO stock_owned (client_id,stock_name,amt_shares) VALUES (83886,"CSCO",405);
INSERT INTO stock_owned (client_id,stock_name,amt_shares) VALUES (19337,"AAPL",710);
INSERT INTO stock_owned (client_id,stock_name,amt_shares) VALUES (14687,"TSM",688);
INSERT INTO stock_owned (client_id,stock_name,amt_shares) VALUES (83886,"GOOG",366);
INSERT INTO stock_owned (client_id,stock_name,amt_shares) VALUES (25997,"TSM",362);
INSERT INTO stock_owned (client_id,stock_name,amt_shares) VALUES (83886,"GOOG",759);
INSERT INTO stock_owned (client_id,stock_name,amt_shares) VALUES (82338,"NVDA",588);
INSERT INTO stock_owned (client_id,stock_name,amt_shares) VALUES (32473,"ORCL",453);
INSERT INTO stock_owned (client_id,stock_name,amt_shares) VALUES (53704,"GOOG",912);
INSERT INTO stock_owned (client_id,stock_name,amt_shares) VALUES (25997,"NVDA",803);
INSERT INTO stock_owned (client_id,stock_name,amt_shares) VALUES (82338,"AAPL",400);
INSERT INTO stock_owned (client_id,stock_name,amt_shares) VALUES (82338,"IBM",597);
INSERT INTO stock_owned (client_id,stock_name,amt_shares) VALUES (37641,"IBM",998);
INSERT INTO stock_owned (client_id,stock_name,amt_shares) VALUES (87505,"IBM",598);
INSERT INTO stock_owned (client_id,stock_name,amt_shares) VALUES (13512,"MSFT",412);
INSERT INTO stock_owned (client_id,stock_name,amt_shares) VALUES (82338,"ORCL",147);
INSERT INTO stock_owned (client_id,stock_name,amt_shares) VALUES (25997,"TSM",990);
INSERT INTO stock_owned (client_id,stock_name,amt_shares) VALUES (14687,"NVDA",316);
INSERT INTO stock_owned (client_id,stock_name,amt_shares) VALUES (14687,"TSM",317);
INSERT INTO stock_owned (client_id,stock_name,amt_shares) VALUES (13512,"GOOG",873);
INSERT INTO stock_owned (client_id,stock_name,amt_shares) VALUES (20163,"AAPL",205);
INSERT INTO stock_owned (client_id,stock_name,amt_shares) VALUES (19337,"IBM",112);
INSERT INTO stock_owned (client_id,stock_name,amt_shares) VALUES (19337,"IBM",576);
INSERT INTO stock_owned (client_id,stock_name,amt_shares) VALUES (87505,"CSCO",848);
INSERT INTO stock_owned (client_id,stock_name,amt_shares) VALUES (11466,"MSFT",502);
INSERT INTO stock_owned (client_id,stock_name,amt_shares) VALUES (83886,"MSFT",907);
