INSERT INTO credentials (broker_id,username,password) VALUES (2704,"Snarelure","p4ScNtGGL_");
INSERT INTO credentials (broker_id,username,password) VALUES (5105,"Skullbone","nv_20Ij#j5");
INSERT INTO credentials (broker_id,username,password) VALUES (7083,"Burnblaze","iA9+zgD=df");
INSERT INTO credentials (broker_id,username,password) VALUES (6592,"Emberburn","q3MO%H690Z");
INSERT INTO credentials (broker_id,username,password) VALUES (5518,"Emberfire","cv1qK^_zEJ");
INSERT INTO credentials (broker_id,username,password) VALUES (3154,"Evilember","Sqkei2%vSp");
INSERT INTO credentials (broker_id,username,password) VALUES (7628,"Firespawn","i%2QID?k2p");
INSERT INTO broker (id,last_name,first_name,phone_num,email,address) VALUES (2704,"Schroeder","Ashly","9625845629","Ashly.Schroeder@test.com","9377 Bohemia Lane");
INSERT INTO broker (id,last_name,first_name,phone_num,email,address) VALUES (5105,"Mccann","Clarence","5113823971","Clarence.Mccann@test.com","9043 Crescent St.");
INSERT INTO broker (id,last_name,first_name,phone_num,email,address) VALUES (7083,"Bolton","Jerimiah","7085202276","Jerimiah.Bolton@test.com","78 Silver Spear St.");
INSERT INTO broker (id,last_name,first_name,phone_num,email,address) VALUES (6592,"Choi","Lina","9768553659","Lina.Choi@test.com","136 Brickyard Dr.");
INSERT INTO broker (id,last_name,first_name,phone_num,email,address) VALUES (5518,"Wallace","Noah","3227999859","Noah.Wallace@test.com","7812 Wayne Lane");
INSERT INTO broker (id,last_name,first_name,phone_num,email,address) VALUES (3154,"Cruz","Addyson","1805529823","Addyson.Cruz@test.com","9407 Trusel Ave.");
INSERT INTO broker (id,last_name,first_name,phone_num,email,address) VALUES (7628,"Gallegos","Daniel","9850786984","Daniel.Gallegos@test.com","253 Circle Street");
INSERT INTO client (id,last_name,first_name,phone_num,email,address,cash) VALUES (12192,"Baird","Enzo","8245922080","Enzo.Baird@test.com","7670 E. Liberty Court",82034);
INSERT INTO client (id,last_name,first_name,phone_num,email,address,cash) VALUES (82338,"Acevedo","Thalia","3091476021","Thalia.Acevedo@test.com","8228 Surrey Street",55983);
INSERT INTO client (id,last_name,first_name,phone_num,email,address,cash) VALUES (19337,"Krueger","Jose","9183388741","Jose.Krueger@test.com","9990 East Riverview Road",17717);
INSERT INTO client (id,last_name,first_name,phone_num,email,address,cash) VALUES (13512,"Galvan","Agustin","7093796099","Agustin.Galvan@test.com","445 Dunbar St.",72200);
INSERT INTO client (id,last_name,first_name,phone_num,email,address,cash) VALUES (11466,"Chavez","Erika","2840946032","Erika.Chavez@test.com","49 Race Drive",31076);
INSERT INTO client (id,last_name,first_name,phone_num,email,address,cash) VALUES (32473,"Richardson","Jaidyn","4042317514","Jaidyn.Richardson@test.com","662 Airport St.",91786);
INSERT INTO client (id,last_name,first_name,phone_num,email,address,cash) VALUES (53704,"Davenport","Andres","5352385797","Andres.Davenport@test.com","946 Orchard Street",68014);
INSERT INTO client (id,last_name,first_name,phone_num,email,address,cash) VALUES (87505,"French","Libby","6380251487","Libby.French@test.com","9338 Mayflower St.",43620);
INSERT INTO client (id,last_name,first_name,phone_num,email,address,cash) VALUES (83886,"Hester","Anika","2691739135","Anika.Hester@test.com","6 Brickyard Street",2434);
INSERT INTO client (id,last_name,first_name,phone_num,email,address,cash) VALUES (37641,"Wong","Darrell","4029257590","Darrell.Wong@test.com","7163 Tunnel Street",99828);
INSERT INTO client (id,last_name,first_name,phone_num,email,address,cash) VALUES (25997,"Rush","Shayla","8482174056","Shayla.Rush@test.com","865 Taylor Ave.",67541);
INSERT INTO client (id,last_name,first_name,phone_num,email,address,cash) VALUES (20163,"Swanson","Josh","8433801684","Josh.Swanson@test.com","159 Bridge St.",79139);
INSERT INTO client (id,last_name,first_name,phone_num,email,address,cash) VALUES (14687,"Copeland","Emmalee","2085980168","Emmalee.Copeland@test.com","75 New St.",14447);
INSERT INTO stock (name,date_time,opening_price,current_price,change) VALUES ("AAPL",DATETIME('now','localtime'),93869,34907,-590);
INSERT INTO stock (name,date_time,opening_price,current_price,change) VALUES ("GOOG",DATETIME('now','localtime'),60057,60542,-590);
INSERT INTO stock (name,date_time,opening_price,current_price,change) VALUES ("MSFT",DATETIME('now','localtime'),65437,22546,-590);
INSERT INTO stock (name,date_time,opening_price,current_price,change) VALUES ("FB",DATETIME('now','localtime'),85887,40320,-590);
INSERT INTO stock (name,date_time,opening_price,current_price,change) VALUES ("TSM",DATETIME('now','localtime'),9123,96387,-590);
INSERT INTO stock (name,date_time,opening_price,current_price,change) VALUES ("ORCL",DATETIME('now','localtime'),6526,27267,-590);
INSERT INTO stock (name,date_time,opening_price,current_price,change) VALUES ("CSCO",DATETIME('now','localtime'),49923,82497,-590);
INSERT INTO stock (name,date_time,opening_price,current_price,change) VALUES ("IBM",DATETIME('now','localtime'),27797,47890,-590);
INSERT INTO stock (name,date_time,opening_price,current_price,change) VALUES ("NVDA",DATETIME('now','localtime'),8366,93029,-590);
INSERT INTO relationship (broker_id,client_id) VALUES (7628,12192);
INSERT INTO relationship (broker_id,client_id) VALUES (5105,82338);
INSERT INTO relationship (broker_id,client_id) VALUES (5518,19337);
INSERT INTO relationship (broker_id,client_id) VALUES (5518,13512);
INSERT INTO relationship (broker_id,client_id) VALUES (3154,11466);
INSERT INTO relationship (broker_id,client_id) VALUES (3154,32473);
INSERT INTO relationship (broker_id,client_id) VALUES (7083,53704);
INSERT INTO relationship (broker_id,client_id) VALUES (5518,87505);
INSERT INTO relationship (broker_id,client_id) VALUES (7083,83886);
INSERT INTO relationship (broker_id,client_id) VALUES (3154,37641);
INSERT INTO relationship (broker_id,client_id) VALUES (6592,25997);
INSERT INTO relationship (broker_id,client_id) VALUES (6592,20163);
INSERT INTO relationship (broker_id,client_id) VALUES (5105,14687);
INSERT INTO stock_owned (client_id,stock_name,shares) VALUES (12192,"FB",676);
INSERT INTO stock_owned (client_id,stock_name,shares) VALUES (87505,"CSCO",658);
INSERT INTO stock_owned (client_id,stock_name,shares) VALUES (11466,"TSM",122);
INSERT INTO stock_owned (client_id,stock_name,shares) VALUES (32473,"ORCL",164);
INSERT INTO stock_owned (client_id,stock_name,shares) VALUES (83886,"MSFT",641);
INSERT INTO stock_owned (client_id,stock_name,shares) VALUES (87505,"NVDA",970);
INSERT INTO stock_owned (client_id,stock_name,shares) VALUES (37641,"GOOG",699);
INSERT INTO stock_owned (client_id,stock_name,shares) VALUES (87505,"MSFT",942);
INSERT INTO stock_owned (client_id,stock_name,shares) VALUES (14687,"IBM",711);
INSERT INTO stock_owned (client_id,stock_name,shares) VALUES (53704,"MSFT",277);
INSERT INTO stock_owned (client_id,stock_name,shares) VALUES (12192,"MSFT",676);
INSERT INTO stock_owned (client_id,stock_name,shares) VALUES (20163,"MSFT",985);
INSERT INTO stock_owned (client_id,stock_name,shares) VALUES (37641,"IBM",35);
INSERT INTO stock_owned (client_id,stock_name,shares) VALUES (12192,"GOOG",917);
INSERT INTO stock_owned (client_id,stock_name,shares) VALUES (19337,"CSCO",696);
INSERT INTO stock_owned (client_id,stock_name,shares) VALUES (19337,"AAPL",526);
INSERT INTO stock_owned (client_id,stock_name,shares) VALUES (53704,"ORCL",767);
INSERT INTO stock_owned (client_id,stock_name,shares) VALUES (19337,"FB",759);
INSERT INTO stock_owned (client_id,stock_name,shares) VALUES (87505,"MSFT",927);
INSERT INTO stock_owned (client_id,stock_name,shares) VALUES (25997,"TSM",584);
INSERT INTO stock_owned (client_id,stock_name,shares) VALUES (14687,"GOOG",845);
INSERT INTO stock_owned (client_id,stock_name,shares) VALUES (87505,"AAPL",742);
INSERT INTO stock_owned (client_id,stock_name,shares) VALUES (82338,"MSFT",204);
INSERT INTO stock_owned (client_id,stock_name,shares) VALUES (12192,"TSM",776);
INSERT INTO stock_owned (client_id,stock_name,shares) VALUES (19337,"TSM",743);
INSERT INTO stock_owned (client_id,stock_name,shares) VALUES (19337,"CSCO",255);
INSERT INTO stock_owned (client_id,stock_name,shares) VALUES (25997,"GOOG",396);
INSERT INTO stock_owned (client_id,stock_name,shares) VALUES (13512,"MSFT",191);
INSERT INTO stock_owned (client_id,stock_name,shares) VALUES (13512,"FB",453);
INSERT INTO stock_owned (client_id,stock_name,shares) VALUES (19337,"CSCO",243);
INSERT INTO stock_owned (client_id,stock_name,shares) VALUES (32473,"ORCL",548);
INSERT INTO stock_owned (client_id,stock_name,shares) VALUES (32473,"GOOG",600);
INSERT INTO stock_owned (client_id,stock_name,shares) VALUES (14687,"GOOG",658);
INSERT INTO stock_owned (client_id,stock_name,shares) VALUES (32473,"GOOG",521);
INSERT INTO stock_owned (client_id,stock_name,shares) VALUES (11466,"MSFT",36);
INSERT INTO stock_owned (client_id,stock_name,shares) VALUES (14687,"ORCL",533);
INSERT INTO stock_owned (client_id,stock_name,shares) VALUES (14687,"IBM",131);
INSERT INTO stock_owned (client_id,stock_name,shares) VALUES (53704,"FB",715);
INSERT INTO stock_owned (client_id,stock_name,shares) VALUES (37641,"ORCL",29);
INSERT INTO stock_owned (client_id,stock_name,shares) VALUES (82338,"ORCL",376);
INSERT INTO stock_owned (client_id,stock_name,shares) VALUES (53704,"FB",797);
INSERT INTO stock_owned (client_id,stock_name,shares) VALUES (25997,"MSFT",499);
INSERT INTO stock_owned (client_id,stock_name,shares) VALUES (20163,"IBM",814);
INSERT INTO stock_owned (client_id,stock_name,shares) VALUES (87505,"ORCL",49);
INSERT INTO stock_owned (client_id,stock_name,shares) VALUES (25997,"CSCO",121);
INSERT INTO stock_owned (client_id,stock_name,shares) VALUES (13512,"IBM",555);
INSERT INTO stock_owned (client_id,stock_name,shares) VALUES (11466,"AAPL",472);
