INSERT INTO broker (id,last_name,first_name,phone_num,email,address) VALUES (27043,"Schroeder","Ashly",9625845629,"Ashly.Schroeder@test.com","9377 Bohemia Lane");
INSERT INTO broker (id,last_name,first_name,phone_num,email,address) VALUES (51051,"Mccann","Clarence",5113823971,"Clarence.Mccann@test.com","9043 Crescent St.");
INSERT INTO broker (id,last_name,first_name,phone_num,email,address) VALUES (70839,"Bolton","Jerimiah",7085202276,"Jerimiah.Bolton@test.com","78 Silver Spear St.");
INSERT INTO broker (id,last_name,first_name,phone_num,email,address) VALUES (65928,"Choi","Lina",9768553659,"Lina.Choi@test.com","136 Brickyard Dr.");
INSERT INTO broker (id,last_name,first_name,phone_num,email,address) VALUES (55187,"Wallace","Noah",3227999859,"Noah.Wallace@test.com","7812 Wayne Lane");
INSERT INTO broker (id,last_name,first_name,phone_num,email,address) VALUES (31543,"Cruz","Addyson",1805529823,"Addyson.Cruz@test.com","9407 Trusel Ave.");
INSERT INTO broker (id,last_name,first_name,phone_num,email,address) VALUES (76285,"Gallegos","Daniel",9850786984,"Daniel.Gallegos@test.com","253 Circle Street");
INSERT INTO client (id,last_name,first_name,phone_num,email,address,cash) VALUES (92192,"Baird","Enzo",8245922080,"Enzo.Baird@test.com","7670 E. Liberty Court",82034);
INSERT INTO client (id,last_name,first_name,phone_num,email,address,cash) VALUES (82338,"Acevedo","Thalia",3091476021,"Thalia.Acevedo@test.com","8228 Surrey Street",55983);
INSERT INTO client (id,last_name,first_name,phone_num,email,address,cash) VALUES (19337,"Krueger","Jose",9183388741,"Jose.Krueger@test.com","9990 East Riverview Road",17717);
INSERT INTO client (id,last_name,first_name,phone_num,email,address,cash) VALUES (13512,"Galvan","Agustin",7093796099,"Agustin.Galvan@test.com","445 Dunbar St.",72200);
INSERT INTO client (id,last_name,first_name,phone_num,email,address,cash) VALUES (11466,"Chavez","Erika",2840946032,"Erika.Chavez@test.com","49 Race Drive",31076);
INSERT INTO client (id,last_name,first_name,phone_num,email,address,cash) VALUES (32473,"Richardson","Jaidyn",4042317514,"Jaidyn.Richardson@test.com","662 Airport St.",91786);
INSERT INTO client (id,last_name,first_name,phone_num,email,address,cash) VALUES (53704,"Davenport","Andres",5352385797,"Andres.Davenport@test.com","946 Orchard Street",68014);
INSERT INTO client (id,last_name,first_name,phone_num,email,address,cash) VALUES (87505,"French","Libby",6380251487,"Libby.French@test.com","9338 Mayflower St.",43620);
INSERT INTO client (id,last_name,first_name,phone_num,email,address,cash) VALUES (83886,"Hester","Anika",2691739135,"Anika.Hester@test.com","6 Brickyard Street",2434);
INSERT INTO client (id,last_name,first_name,phone_num,email,address,cash) VALUES (37641,"Wong","Darrell",4029257590,"Darrell.Wong@test.com","7163 Tunnel Street",99828);
INSERT INTO client (id,last_name,first_name,phone_num,email,address,cash) VALUES (25997,"Rush","Shayla",8482174056,"Shayla.Rush@test.com","865 Taylor Ave.",67541);
INSERT INTO client (id,last_name,first_name,phone_num,email,address,cash) VALUES (20163,"Swanson","Josh",8433801684,"Josh.Swanson@test.com","159 Bridge St.",79139);
INSERT INTO client (id,last_name,first_name,phone_num,email,address,cash) VALUES (14687,"Copeland","Emmalee",2085980168,"Emmalee.Copeland@test.com","75 New St.",14447);
INSERT INTO credentials VALUES (27043,"Snarelure","p4ScNtGGL_");
INSERT INTO credentials VALUES (51051,"Skullbone","nv_20Ij#j5");
INSERT INTO credentials VALUES (70839,"Burnblaze","iA9+zgD=df");
INSERT INTO credentials VALUES (65928,"Emberburn","q3MO%H690Z");
INSERT INTO credentials VALUES (55187,"Emberfire","cv1qK^_zEJ");
INSERT INTO credentials VALUES (31543,"Evilember","Sqkei2%vSp");
INSERT INTO credentials VALUES (76285,"Firespawn","i%2QID?k2p");
INSERT INTO credentials VALUES (92192,"Flameblow","uA^l3W=8SW");
INSERT INTO credentials VALUES (82338,"SniperGod","iBem9Y6~TI");
INSERT INTO credentials VALUES (19337,"TalkBomber","ecc=n98Pfg");
INSERT INTO credentials VALUES (13512,"SniperWish","eTeW*cN5lp");
INSERT INTO credentials VALUES (11466,"RavySnake","hFits9*Xo6");
INSERT INTO credentials VALUES (32473,"WebTool","az=Wis80!M");
INSERT INTO credentials VALUES (53704,"TurtleCat","uUjgfu*v4i");
INSERT INTO credentials VALUES (87505,"BlogWobbles","Y%W*Eh47r9");
INSERT INTO credentials VALUES (83886,"LuckyDusty","BjS+dus$X6");
INSERT INTO credentials VALUES (37641,"RumChicken","r97Ya%Pmey");
INSERT INTO credentials VALUES (25997,"StonedTime","n&jjX@z1BU");
INSERT INTO credentials VALUES (20163,"CouchChiller","N5$A*tj3Yp");
INSERT INTO credentials VALUES (14687,"VisualMaster","Gk#PJRoVFW");
INSERT INTO stock VALUES ("XQC",2018-03-19,-590,93869,34907,0);
INSERT INTO stock VALUES ("XNDXT25NNR",2018-03-19,4,60057,60542,0);
INSERT INTO stock VALUES ("XNDXT25NNER",2018-03-19,-429,65437,22546,0);
INSERT INTO stock VALUES ("XNDXT25E",2018-03-19,-456,85887,40320,0);
INSERT INTO stock VALUES ("XNDXT25",2018-03-19,872,9123,96387,0);
INSERT INTO stock VALUES ("XNDXS2NNR",2018-03-19,207,6526,27267,0);
INSERT INTO stock VALUES ("XNDXS2",2018-03-19,325,49923,82497,0);
INSERT INTO stock VALUES ("XNDXS1NNR",2018-03-19,200,27797,47890,0);
INSERT INTO stock VALUES ("XNDXS1",2018-03-19,846,8366,93029,0);
INSERT INTO stock VALUES ("XNDXNNRS3",2018-03-19,-590,93869,34907,0);
INSERT INTO stock VALUES ("XNDXNNRGBP",2018-03-19,4,60057,60542,0);
INSERT INTO stock VALUES ("XNDXNNRHKD",2018-03-19,-429,65437,22546,0);
INSERT INTO stock VALUES ("XNDXNNREUR",2018-03-19,-456,85887,40320,0);
INSERT INTO stock VALUES ("XNDXNNRCHF",2018-03-19,872,9123,96387,0);
INSERT INTO stock VALUES ("XNDXNNRCAD",2018-03-19,207,6526,27267,0);
INSERT INTO stock VALUES ("XNDXL3TR",2018-03-19,325,49923,82497,0);
INSERT INTO stock VALUES ("XNDXL",2018-03-19,200,27797,47890,0);
INSERT INTO stock VALUES ("XNDXHKD",2018-03-19,846,8366,93029,0);
INSERT INTO stock VALUES ("XNDXGBPMH",2018-03-19,-590,93869,34907,0);
INSERT INTO stock VALUES ("XNDXGBP",2018-03-19,4,60057,60542,0);
INSERT INTO stock VALUES ("XNDXEURMH",2018-03-19,-429,65437,22546,0);
INSERT INTO stock VALUES ("XNDXCHFMH",2018-03-19,-456,85887,40320,0);
INSERT INTO stock VALUES ("XNDXEUR",2018-03-19,872,9123,96387,0);
INSERT INTO stock VALUES ("XNDXCHF",2018-03-19,207,6526,27267,0);
INSERT INTO stock VALUES ("XNDXCAD",2018-03-19,325,49923,82497,0);
INSERT INTO stock VALUES ("XNBINNR",2018-03-19,200,2779,47890,0);
INSERT INTO stock VALUES ("XCMPNNR",2018-03-19,846,652234,93029,0);
INSERT INTO relationship (broker_id,client_id) VALUES (55187,92192);
INSERT INTO relationship (broker_id,client_id) VALUES (65928,82338);
INSERT INTO relationship (broker_id,client_id) VALUES (55187,19337);
INSERT INTO relationship (broker_id,client_id) VALUES (65928,13512);
INSERT INTO relationship (broker_id,client_id) VALUES (76285,11466);
INSERT INTO relationship (broker_id,client_id) VALUES (76285,32473);
INSERT INTO relationship (broker_id,client_id) VALUES (76285,53704);
INSERT INTO relationship (broker_id,client_id) VALUES (65928,87505);
INSERT INTO relationship (broker_id,client_id) VALUES (55187,83886);
INSERT INTO relationship (broker_id,client_id) VALUES (31543,37641);
INSERT INTO relationship (broker_id,client_id) VALUES (31543,25997);
INSERT INTO relationship (broker_id,client_id) VALUES (31543,20163);
INSERT INTO relationship (broker_id,client_id) VALUES (31543,14687);
INSERT INTO stock_owned (client_id,stock_name,shares) VALUES (37641,"XNDXCAD",45);
INSERT INTO stock_owned (client_id,stock_name,shares) VALUES (92192,"XNDXCHF",74);
INSERT INTO stock_owned (client_id,stock_name,shares) VALUES (20163,"XNDXNNRHKD",972);
INSERT INTO stock_owned (client_id,stock_name,shares) VALUES (11466,"XNDXS2",166);
INSERT INTO stock_owned (client_id,stock_name,shares) VALUES (25997,"XNDXS1NNR",93);
INSERT INTO stock_owned (client_id,stock_name,shares) VALUES (20163,"XQC",864);
INSERT INTO stock_owned (client_id,stock_name,shares) VALUES (20163,"XNDXCHFMH",476);
INSERT INTO stock_owned (client_id,stock_name,shares) VALUES (13512,"XNDXNNRS3",664);
INSERT INTO stock_owned (client_id,stock_name,shares) VALUES (32473,"XNDXL",829);
INSERT INTO stock_owned (client_id,stock_name,shares) VALUES (14687,"XNBINNR",594);
INSERT INTO stock_owned (client_id,stock_name,shares) VALUES (11466,"XNDXS2NNR",272);
INSERT INTO stock_owned (client_id,stock_name,shares) VALUES (13512,"XNDXGBP",937);
INSERT INTO stock_owned (client_id,stock_name,shares) VALUES (32473,"XNDXT25",62);
INSERT INTO stock_owned (client_id,stock_name,shares) VALUES (37641,"XNBINNR",237);
INSERT INTO stock_owned (client_id,stock_name,shares) VALUES (25997,"XNDXNNREUR",544);
INSERT INTO stock_owned (client_id,stock_name,shares) VALUES (32473,"XNDXNNRCAD",82);
INSERT INTO stock_owned (client_id,stock_name,shares) VALUES (13512,"XNDXL3TR",383);
INSERT INTO stock_owned (client_id,stock_name,shares) VALUES (14687,"XNDXT25",554);
INSERT INTO stock_owned (client_id,stock_name,shares) VALUES (11466,"XQC",217);
INSERT INTO stock_owned (client_id,stock_name,shares) VALUES (25997,"XNDXEUR",248);
INSERT INTO stock_owned (client_id,stock_name,shares) VALUES (37641,"XNDXS1NNR",270);
INSERT INTO stock_owned (client_id,stock_name,shares) VALUES (19337,"XNDXNNREUR",973);
INSERT INTO stock_owned (client_id,stock_name,shares) VALUES (20163,"XNDXT25NNER",807);
INSERT INTO stock_owned (client_id,stock_name,shares) VALUES (53704,"XNDXL",626);
INSERT INTO stock_owned (client_id,stock_name,shares) VALUES (14687,"XNDXGBP",475);
INSERT INTO stock_owned (client_id,stock_name,shares) VALUES (37641,"XNDXNNRCHF",781);
INSERT INTO stock_owned (client_id,stock_name,shares) VALUES (32473,"XNDXL",533);
INSERT INTO stock_owned (client_id,stock_name,shares) VALUES (20163,"XCMPNNR",699);
INSERT INTO stock_owned (client_id,stock_name,shares) VALUES (14687,"XNDXS1NNR",344);
INSERT INTO stock_owned (client_id,stock_name,shares) VALUES (53704,"XNDXNNRS3",343);
INSERT INTO stock_owned (client_id,stock_name,shares) VALUES (87505,"XNDXHKD",445);
INSERT INTO stock_owned (client_id,stock_name,shares) VALUES (14687,"XNDXL",773);
INSERT INTO stock_owned (client_id,stock_name,shares) VALUES (19337,"XNDXHKD",793);
INSERT INTO stock_owned (client_id,stock_name,shares) VALUES (19337,"XNDXNNRHKD",851);
INSERT INTO stock_owned (client_id,stock_name,shares) VALUES (83886,"XNDXNNRS3",7);
INSERT INTO stock_owned (client_id,stock_name,shares) VALUES (32473,"XNDXT25NNR",82);
INSERT INTO stock_owned (client_id,stock_name,shares) VALUES (92192,"XNBINNR",424);
INSERT INTO stock_owned (client_id,stock_name,shares) VALUES (25997,"XNDXNNRGBP",6);
INSERT INTO stock_owned (client_id,stock_name,shares) VALUES (14687,"XNDXNNRGBP",451);
INSERT INTO stock_owned (client_id,stock_name,shares) VALUES (11466,"XCMPNNR",251);
INSERT INTO stock_owned (client_id,stock_name,shares) VALUES (37641,"XNDXNNRS3",89);
INSERT INTO stock_owned (client_id,stock_name,shares) VALUES (87505,"XNDXNNRHKD",884);
INSERT INTO stock_owned (client_id,stock_name,shares) VALUES (82338,"XNDXGBPMH",741);
INSERT INTO stock_owned (client_id,stock_name,shares) VALUES (83886,"XNDXGBPMH",237);
INSERT INTO stock_owned (client_id,stock_name,shares) VALUES (11466,"XNDXS1NNR",21);
INSERT INTO stock_owned (client_id,stock_name,shares) VALUES (13512,"XNDXS2",417);
INSERT INTO stock_owned (client_id,stock_name,shares) VALUES (53704,"XNDXNNRS3",559);
INSERT INTO stock_owned (client_id,stock_name,shares) VALUES (53704,"XNDXCHFMH",468);
INSERT INTO stock_owned (client_id,stock_name,shares) VALUES (14687,"XNDXT25",793);
INSERT INTO stock_owned (client_id,stock_name,shares) VALUES (92192,"XNDXS2NNR",625);
INSERT INTO stock_owned (client_id,stock_name,shares) VALUES (82338,"XCMPNNR",633);
INSERT INTO stock_owned (client_id,stock_name,shares) VALUES (37641,"XQC",607);
INSERT INTO stock_owned (client_id,stock_name,shares) VALUES (37641,"XNDXNNRCHF",154);
INSERT INTO stock_owned (client_id,stock_name,shares) VALUES (32473,"XNDXEURMH",653);
INSERT INTO stock_owned (client_id,stock_name,shares) VALUES (11466,"XNDXCHFMH",602);
INSERT INTO stock_owned (client_id,stock_name,shares) VALUES (87505,"XNDXNNRHKD",344);
INSERT INTO stock_owned (client_id,stock_name,shares) VALUES (82338,"XNDXGBP",17);
INSERT INTO stock_owned (client_id,stock_name,shares) VALUES (19337,"XNDXT25NNER",107);
INSERT INTO stock_owned (client_id,stock_name,shares) VALUES (19337,"XCMPNNR",853);
INSERT INTO stock_owned (client_id,stock_name,shares) VALUES (14687,"XQC",782);
INSERT INTO stock_owned (client_id,stock_name,shares) VALUES (92192,"XNDXT25NNR",870);
INSERT INTO stock_owned (client_id,stock_name,shares) VALUES (53704,"XNDXCHFMH",186);
INSERT INTO stock_owned (client_id,stock_name,shares) VALUES (87505,"XNDXS2",967);
INSERT INTO stock_owned (client_id,stock_name,shares) VALUES (20163,"XNDXNNRCAD",687);
INSERT INTO stock_owned (client_id,stock_name,shares) VALUES (14687,"XNBINNR",258);
INSERT INTO stock_owned (client_id,stock_name,shares) VALUES (14687,"XNDXNNRGBP",753);
INSERT INTO stock_owned (client_id,stock_name,shares) VALUES (92192,"XNDXEURMH",301);
INSERT INTO stock_owned (client_id,stock_name,shares) VALUES (37641,"XNDXNNREUR",923);
INSERT INTO stock_owned (client_id,stock_name,shares) VALUES (11466,"XNDXS2NNR",182);
INSERT INTO stock_owned (client_id,stock_name,shares) VALUES (19337,"XNDXHKD",529);
INSERT INTO stock_owned (client_id,stock_name,shares) VALUES (11466,"XNDXCHFMH",881);
INSERT INTO stock_owned (client_id,stock_name,shares) VALUES (19337,"XQC",83);
INSERT INTO stock_owned (client_id,stock_name,shares) VALUES (37641,"XNDXT25E",379);
INSERT INTO stock_owned (client_id,stock_name,shares) VALUES (37641,"XNDXCHF",531);
INSERT INTO stock_owned (client_id,stock_name,shares) VALUES (11466,"XNDXS2",446);
INSERT INTO stock_owned (client_id,stock_name,shares) VALUES (11466,"XNDXNNREUR",981);
INSERT INTO stock_owned (client_id,stock_name,shares) VALUES (25997,"XNDXNNRCAD",243);
INSERT INTO stock_owned (client_id,stock_name,shares) VALUES (14687,"XNDXNNRGBP",113);
INSERT INTO stock_owned (client_id,stock_name,shares) VALUES (92192,"XNDXGBP",567);
INSERT INTO stock_owned (client_id,stock_name,shares) VALUES (25997,"XCMPNNR",164);
INSERT INTO stock_owned (client_id,stock_name,shares) VALUES (92192,"XNDXT25NNER",580);
INSERT INTO stock_owned (client_id,stock_name,shares) VALUES (14687,"XNDXS1",233);
INSERT INTO stock_owned (client_id,stock_name,shares) VALUES (11466,"XNDXEUR",963);
INSERT INTO stock_owned (client_id,stock_name,shares) VALUES (19337,"XNDXNNRS3",798);
INSERT INTO stock_owned (client_id,stock_name,shares) VALUES (25997,"XNDXL3TR",236);
INSERT INTO stock_owned (client_id,stock_name,shares) VALUES (20163,"XNDXS1NNR",346);
INSERT INTO stock_owned (client_id,stock_name,shares) VALUES (25997,"XNDXGBPMH",796);
INSERT INTO stock_owned (client_id,stock_name,shares) VALUES (13512,"XNDXL3TR",407);
INSERT INTO stock_owned (client_id,stock_name,shares) VALUES (14687,"XNDXT25NNR",902);
INSERT INTO stock_owned (client_id,stock_name,shares) VALUES (87505,"XNDXS1",129);
INSERT INTO stock_owned (client_id,stock_name,shares) VALUES (87505,"XNDXL3TR",158);
INSERT INTO stock_owned (client_id,stock_name,shares) VALUES (83886,"XNDXCAD",681);
INSERT INTO stock_owned (client_id,stock_name,shares) VALUES (92192,"XNDXL3TR",266);
INSERT INTO stock_owned (client_id,stock_name,shares) VALUES (37641,"XNDXS1NNR",996);
INSERT INTO stock_owned (client_id,stock_name,shares) VALUES (13512,"XNDXNNRCAD",691);
INSERT INTO stock_owned (client_id,stock_name,shares) VALUES (92192,"XNDXL",78);
INSERT INTO stock_owned (client_id,stock_name,shares) VALUES (92192,"XNDXS1",695);
INSERT INTO stock_owned (client_id,stock_name,shares) VALUES (11466,"XCMPNNR",222);
INSERT INTO stock_owned (client_id,stock_name,shares) VALUES (11466,"XNDXS1",441);
INSERT INTO stock_owned (client_id,stock_name,shares) VALUES (92192,"XNDXGBP",471);
INSERT INTO stock_owned (client_id,stock_name,shares) VALUES (14687,"XNDXS2",884);
INSERT INTO stock_owned (client_id,stock_name,shares) VALUES (53704,"XNDXNNRS3",177);
INSERT INTO stock_owned (client_id,stock_name,shares) VALUES (13512,"XNDXNNRGBP",748);
INSERT INTO stock_owned (client_id,stock_name,shares) VALUES (83886,"XNDXS1",402);
INSERT INTO stock_owned (client_id,stock_name,shares) VALUES (11466,"XNDXS2",281);
INSERT INTO stock_owned (client_id,stock_name,shares) VALUES (14687,"XNDXT25",228);
INSERT INTO stock_owned (client_id,stock_name,shares) VALUES (14687,"XNDXEUR",630);
INSERT INTO stock_owned (client_id,stock_name,shares) VALUES (13512,"XNDXT25NNER",45);
INSERT INTO stock_owned (client_id,stock_name,shares) VALUES (37641,"XNDXCHF",356);
INSERT INTO stock_owned (client_id,stock_name,shares) VALUES (11466,"XNDXNNRCAD",493);
INSERT INTO stock_owned (client_id,stock_name,shares) VALUES (82338,"XNDXNNRS3",784);
INSERT INTO stock_owned (client_id,stock_name,shares) VALUES (53704,"XQC",805);
INSERT INTO stock_owned (client_id,stock_name,shares) VALUES (11466,"XNDXS2NNR",447);
INSERT INTO stock_owned (client_id,stock_name,shares) VALUES (53704,"XNDXT25NNER",649);
INSERT INTO stock_owned (client_id,stock_name,shares) VALUES (19337,"XNBINNR",507);
INSERT INTO stock_owned (client_id,stock_name,shares) VALUES (13512,"XNDXS1NNR",998);
INSERT INTO stock_owned (client_id,stock_name,shares) VALUES (32473,"XNDXCHFMH",782);
INSERT INTO stock_owned (client_id,stock_name,shares) VALUES (25997,"XNDXNNREUR",705);
INSERT INTO stock_owned (client_id,stock_name,shares) VALUES (14687,"XNDXT25E",26);
INSERT INTO stock_owned (client_id,stock_name,shares) VALUES (92192,"XNDXS1",579);
INSERT INTO stock_owned (client_id,stock_name,shares) VALUES (19337,"XNDXNNRHKD",961);
INSERT INTO stock_owned (client_id,stock_name,shares) VALUES (53704,"XNDXT25E",741);
INSERT INTO stock_owned (client_id,stock_name,shares) VALUES (14687,"XNDXNNRS3",635);
INSERT INTO stock_owned (client_id,stock_name,shares) VALUES (92192,"XNDXNNRCAD",69);
INSERT INTO stock_owned (client_id,stock_name,shares) VALUES (92192,"XQC",84);
INSERT INTO stock_owned (client_id,stock_name,shares) VALUES (87505,"XNDXT25NNER",680);
INSERT INTO stock_owned (client_id,stock_name,shares) VALUES (83886,"XNDXT25NNER",710);
INSERT INTO stock_owned (client_id,stock_name,shares) VALUES (32473,"XNDXGBPMH",428);
INSERT INTO stock_owned (client_id,stock_name,shares) VALUES (20163,"XNDXNNRS3",754);
INSERT INTO stock_owned (client_id,stock_name,shares) VALUES (87505,"XNDXCHFMH",246);
INSERT INTO stock_owned (client_id,stock_name,shares) VALUES (82338,"XNDXEUR",548);
INSERT INTO stock_owned (client_id,stock_name,shares) VALUES (19337,"XNDXNNRCAD",820);
INSERT INTO stock_owned (client_id,stock_name,shares) VALUES (14687,"XNDXGBP",172);
INSERT INTO stock_owned (client_id,stock_name,shares) VALUES (20163,"XNDXNNRGBP",540);
INSERT INTO stock_owned (client_id,stock_name,shares) VALUES (53704,"XCMPNNR",953);
INSERT INTO stock_owned (client_id,stock_name,shares) VALUES (87505,"XNDXNNRCHF",496);
INSERT INTO stock_owned (client_id,stock_name,shares) VALUES (53704,"XNDXNNRS3",302);
INSERT INTO stock_owned (client_id,stock_name,shares) VALUES (83886,"XNDXNNRHKD",733);
INSERT INTO stock_owned (client_id,stock_name,shares) VALUES (87505,"XNDXNNRGBP",111);
INSERT INTO stock_owned (client_id,stock_name,shares) VALUES (25997,"XNDXT25NNR",364);
INSERT INTO stock_owned (client_id,stock_name,shares) VALUES (87505,"XNDXS1NNR",967);
INSERT INTO stock_owned (client_id,stock_name,shares) VALUES (82338,"XNDXT25NNR",87);
INSERT INTO stock_owned (client_id,stock_name,shares) VALUES (32473,"XNDXCAD",111);
INSERT INTO stock_owned (client_id,stock_name,shares) VALUES (83886,"XNDXS2",462);
INSERT INTO stock_owned (client_id,stock_name,shares) VALUES (20163,"XNDXEURMH",269);
INSERT INTO stock_owned (client_id,stock_name,shares) VALUES (19337,"XQC",784);
INSERT INTO stock_owned (client_id,stock_name,shares) VALUES (37641,"XNDXEURMH",427);
INSERT INTO stock_owned (client_id,stock_name,shares) VALUES (32473,"XNDXHKD",60);
