INSERT INTO broker (id,last_name,first_name,phone_num,email,address) VALUES (27043,"Schroeder","Ashly",9625845629,"Ashly.Schroeder@test.com","9377 Bohemia Lane");
INSERT INTO broker (id,last_name,first_name,phone_num,email,address) VALUES (51051,"Mccann","Clarence",5113823971,"Clarence.Mccann@test.com","9043 Crescent St.");
INSERT INTO broker (id,last_name,first_name,phone_num,email,address) VALUES (70839,"Bolton","Jerimiah",7085202276,"Jerimiah.Bolton@test.com","78 Silver Spear St.");
INSERT INTO broker (id,last_name,first_name,phone_num,email,address) VALUES (65928,"Choi","Lina",9768553659,"Lina.Choi@test.com","136 Brickyard Dr.");
INSERT INTO broker (id,last_name,first_name,phone_num,email,address) VALUES (55187,"Wallace","Noah",3227999859,"Noah.Wallace@test.com","7812 Wayne Lane");
INSERT INTO broker (id,last_name,first_name,phone_num,email,address) VALUES (31543,"Cruz","Addyson",1805529823,"Addyson.Cruz@test.com","9407 Trusel Ave.");
INSERT INTO broker (id,last_name,first_name,phone_num,email,address) VALUES (76285,"Gallegos","Daniel",9850786984,"Daniel.Gallegos@test.com","253 Circle Street");
INSERT INTO client (id,last_name,first_name,phone_num,email,address,cash) VALUES (92192,"Baird","Enzo",8245922080,"Enzo.Baird@test.com","7670 E. Liberty Court",82034);
INSERT INTO client (id,last_name,first_name,phone_num,email,address,cash) VALUES (82338,"Acevedo","Thalia",3091476021,"Thalia.Acevedo@test.com","8228 Surrey Street",55983);
INSERT INTO client (id,last_name,first_name,phone_num,email,address,cash) VALUES (19337,"Krueger","Jose",9183388741,"Jose.Krueger@test.com","9990 East Riverview Road",17717);
INSERT INTO client (id,last_name,first_name,phone_num,email,address,cash) VALUES (13512,"Galvan","Agustin",7093796099,"Agustin.Galvan@test.com","445 Dunbar St.",72200);
INSERT INTO client (id,last_name,first_name,phone_num,email,address,cash) VALUES (11466,"Chavez","Erika",2840946032,"Erika.Chavez@test.com","49 Race Drive",31076);
INSERT INTO client (id,last_name,first_name,phone_num,email,address,cash) VALUES (32473,"Richardson","Jaidyn",4042317514,"Jaidyn.Richardson@test.com","662 Airport St.",91786);
INSERT INTO client (id,last_name,first_name,phone_num,email,address,cash) VALUES (53704,"Davenport","Andres",5352385797,"Andres.Davenport@test.com","946 Orchard Street",68014);
INSERT INTO client (id,last_name,first_name,phone_num,email,address,cash) VALUES (87505,"French","Libby",6380251487,"Libby.French@test.com","9338 Mayflower St.",43620);
INSERT INTO client (id,last_name,first_name,phone_num,email,address,cash) VALUES (83886,"Hester","Anika",2691739135,"Anika.Hester@test.com","6 Brickyard Street",2434);
INSERT INTO client (id,last_name,first_name,phone_num,email,address,cash) VALUES (37641,"Wong","Darrell",4029257590,"Darrell.Wong@test.com","7163 Tunnel Street",99828);
INSERT INTO client (id,last_name,first_name,phone_num,email,address,cash) VALUES (25997,"Rush","Shayla",8482174056,"Shayla.Rush@test.com","865 Taylor Ave.",67541);
INSERT INTO client (id,last_name,first_name,phone_num,email,address,cash) VALUES (20163,"Swanson","Josh",8433801684,"Josh.Swanson@test.com","159 Bridge St.",79139);
INSERT INTO client (id,last_name,first_name,phone_num,email,address,cash) VALUES (14687,"Copeland","Emmalee",2085980168,"Emmalee.Copeland@test.com","75 New St.",14447);
INSERT INTO credentials (username,password) VALUES ("Snarelure","p4ScNtGGL_");
INSERT INTO credentials (username,password) VALUES ("Skullbone","nv_20Ij#j5");
INSERT INTO credentials (username,password) VALUES ("Burnblaze","iA9+zgD=df");
INSERT INTO credentials (username,password) VALUES ("Emberburn","q3MO%H690Z");
INSERT INTO credentials (username,password) VALUES ("Emberfire","cv1qK^_zEJ");
INSERT INTO credentials (username,password) VALUES ("Evilember","Sqkei2%vSp");
INSERT INTO credentials (username,password) VALUES ("Firespawn","i%2QID?k2p");
INSERT INTO credentials (username,password) VALUES ("Flameblow","uA^l3W=8SW");
INSERT INTO credentials (username,password) VALUES ("SniperGod","iBem9Y6~TI");
INSERT INTO credentials (username,password) VALUES ("TalkBomber","ecc=n98Pfg");
INSERT INTO credentials (username,password) VALUES ("SniperWish","eTeW*cN5lp");
INSERT INTO credentials (username,password) VALUES ("RavySnake","hFits9*Xo6");
INSERT INTO credentials (username,password) VALUES ("WebTool","az=Wis80!M");
INSERT INTO credentials (username,password) VALUES ("TurtleCat","uUjgfu*v4i");
INSERT INTO credentials (username,password) VALUES ("BlogWobbles","Y%W*Eh47r9");
INSERT INTO credentials (username,password) VALUES ("LuckyDusty","BjS+dus$X6");
INSERT INTO credentials (username,password) VALUES ("RumChicken","r97Ya%Pmey");
INSERT INTO credentials (username,password) VALUES ("StonedTime","n&jjX@z1BU");
INSERT INTO credentials (username,password) VALUES ("CouchChiller","N5$A*tj3Yp");
INSERT INTO credentials (username,password) VALUES ("VisualMaster","Gk#PJRoVFW");
INSERT INTO stock VALUES ("XQC",2018-03-19,-590,93869,34907);
INSERT INTO stock VALUES ("XNDXT25NNR",2018-03-19,4,60057,60542);
INSERT INTO stock VALUES ("XNDXT25NNER",2018-03-19,-429,65437,22546);
INSERT INTO stock VALUES ("XNDXT25E",2018-03-19,-456,85887,40320);
INSERT INTO stock VALUES ("XNDXT25",2018-03-19,872,9123,96387);
INSERT INTO stock VALUES ("XNDXS2NNR",2018-03-19,207,6526,27267);
INSERT INTO stock VALUES ("XNDXS2",2018-03-19,325,49923,82497);
INSERT INTO stock VALUES ("XNDXS1NNR",2018-03-19,200,27797,47890);
INSERT INTO stock VALUES ("XNDXS1",2018-03-19,846,8366,93029);
INSERT INTO stock VALUES ("XNDXNNRS3",2018-03-19,-590,93869,34907);
INSERT INTO stock VALUES ("XNDXNNRGBP",2018-03-19,4,60057,60542);
INSERT INTO stock VALUES ("XNDXNNRHKD",2018-03-19,-429,65437,22546);
INSERT INTO stock VALUES ("XNDXNNREUR",2018-03-19,-456,85887,40320);
INSERT INTO stock VALUES ("XNDXNNRCHF",2018-03-19,872,9123,96387);
INSERT INTO stock VALUES ("XNDXNNRCAD",2018-03-19,207,6526,27267);
INSERT INTO stock VALUES ("XNDXL3TR",2018-03-19,325,49923,82497);
INSERT INTO stock VALUES ("XNDXL",2018-03-19,200,27797,47890);
INSERT INTO stock VALUES ("XNDXHKD",2018-03-19,846,8366,93029);
INSERT INTO stock VALUES ("XNDXGBPMH",2018-03-19,-590,93869,34907);
INSERT INTO stock VALUES ("XNDXGBP",2018-03-19,4,60057,60542);
INSERT INTO stock VALUES ("XNDXEURMH",2018-03-19,-429,65437,22546);
INSERT INTO stock VALUES ("XNDXCHFMH",2018-03-19,-456,85887,40320);
INSERT INTO stock VALUES ("XNDXEUR",2018-03-19,872,9123,96387);
INSERT INTO stock VALUES ("XNDXCHF",2018-03-19,207,6526,27267);
INSERT INTO stock VALUES ("XNDXCAD",2018-03-19,325,49923,82497);
INSERT INTO stock VALUES ("XNBINNR",2018-03-19,200,2779,47890);
INSERT INTO stock VALUES ("XCMPNNR",2018-03-19,846,652234,93029);
INSERT INTO relationship (broker_id,client_id) VALUES (70839,92192);
INSERT INTO relationship (broker_id,client_id) VALUES (65928,82338);
INSERT INTO relationship (broker_id,client_id) VALUES (76285,19337);
INSERT INTO relationship (broker_id,client_id) VALUES (70839,13512);
INSERT INTO relationship (broker_id,client_id) VALUES (51051,11466);
INSERT INTO relationship (broker_id,client_id) VALUES (65928,32473);
INSERT INTO relationship (broker_id,client_id) VALUES (31543,53704);
INSERT INTO relationship (broker_id,client_id) VALUES (65928,87505);
INSERT INTO relationship (broker_id,client_id) VALUES (31543,83886);
INSERT INTO relationship (broker_id,client_id) VALUES (27043,37641);
INSERT INTO relationship (broker_id,client_id) VALUES (65928,25997);
INSERT INTO relationship (broker_id,client_id) VALUES (70839,20163);
INSERT INTO relationship (broker_id,client_id) VALUES (51051,14687);
INSERT INTO stock_owned (client_id,stock_name,shares) VALUES (19337,"XNDXNNRGBP",107);
INSERT INTO stock_owned (client_id,stock_name,shares) VALUES (83886,"XNBINNR",348);
INSERT INTO stock_owned (client_id,stock_name,shares) VALUES (82338,"XNDXCHFMH",925);
INSERT INTO stock_owned (client_id,stock_name,shares) VALUES (13512,"XNDXCHFMH",530);
INSERT INTO stock_owned (client_id,stock_name,shares) VALUES (92192,"XNDXNNRGBP",582);
INSERT INTO stock_owned (client_id,stock_name,shares) VALUES (53704,"XNDXNNRCHF",830);
INSERT INTO stock_owned (client_id,stock_name,shares) VALUES (19337,"XNDXL3TR",975);
INSERT INTO stock_owned (client_id,stock_name,shares) VALUES (25997,"XNDXL",19);
INSERT INTO stock_owned (client_id,stock_name,shares) VALUES (25997,"XNDXGBPMH",741);
INSERT INTO stock_owned (client_id,stock_name,shares) VALUES (53704,"XNDXGBPMH",82);
INSERT INTO stock_owned (client_id,stock_name,shares) VALUES (87505,"XNDXNNRCHF",541);
INSERT INTO stock_owned (client_id,stock_name,shares) VALUES (92192,"XNDXHKD",533);
INSERT INTO stock_owned (client_id,stock_name,shares) VALUES (13512,"XNBINNR",422);
INSERT INTO stock_owned (client_id,stock_name,shares) VALUES (20163,"XNDXGBP",60);
INSERT INTO stock_owned (client_id,stock_name,shares) VALUES (32473,"XNDXHKD",659);
INSERT INTO stock_owned (client_id,stock_name,shares) VALUES (53704,"XNDXL",588);
INSERT INTO stock_owned (client_id,stock_name,shares) VALUES (14687,"XNDXNNRHKD",917);
INSERT INTO stock_owned (client_id,stock_name,shares) VALUES (19337,"XNDXEURMH",874);
INSERT INTO stock_owned (client_id,stock_name,shares) VALUES (13512,"XNDXCAD",244);
INSERT INTO stock_owned (client_id,stock_name,shares) VALUES (19337,"XNDXNNRCHF",462);
INSERT INTO stock_owned (client_id,stock_name,shares) VALUES (13512,"XNDXHKD",572);
INSERT INTO stock_owned (client_id,stock_name,shares) VALUES (13512,"XNDXT25NNER",97);
INSERT INTO stock_owned (client_id,stock_name,shares) VALUES (32473,"XNDXCHFMH",189);
INSERT INTO stock_owned (client_id,stock_name,shares) VALUES (82338,"XNDXT25",949);
INSERT INTO stock_owned (client_id,stock_name,shares) VALUES (13512,"XNDXCHF",512);
INSERT INTO stock_owned (client_id,stock_name,shares) VALUES (53704,"XNDXGBPMH",459);
INSERT INTO stock_owned (client_id,stock_name,shares) VALUES (25997,"XNDXT25NNR",849);
INSERT INTO stock_owned (client_id,stock_name,shares) VALUES (32473,"XNDXS1",832);
INSERT INTO stock_owned (client_id,stock_name,shares) VALUES (32473,"XNDXGBP",159);
INSERT INTO stock_owned (client_id,stock_name,shares) VALUES (20163,"XNDXGBPMH",529);
INSERT INTO stock_owned (client_id,stock_name,shares) VALUES (92192,"XNDXS2",262);
INSERT INTO stock_owned (client_id,stock_name,shares) VALUES (25997,"XNDXNNRHKD",546);
INSERT INTO stock_owned (client_id,stock_name,shares) VALUES (25997,"XNDXNNRCAD",433);
INSERT INTO stock_owned (client_id,stock_name,shares) VALUES (92192,"XNDXT25E",592);
INSERT INTO stock_owned (client_id,stock_name,shares) VALUES (20163,"XNDXT25",745);
INSERT INTO stock_owned (client_id,stock_name,shares) VALUES (37641,"XNDXS1NNR",431);
INSERT INTO stock_owned (client_id,stock_name,shares) VALUES (82338,"XNDXNNRCHF",558);
INSERT INTO stock_owned (client_id,stock_name,shares) VALUES (13512,"XNDXCHF",881);
INSERT INTO stock_owned (client_id,stock_name,shares) VALUES (20163,"XNDXL3TR",466);
INSERT INTO stock_owned (client_id,stock_name,shares) VALUES (19337,"XNDXT25NNER",613);
INSERT INTO stock_owned (client_id,stock_name,shares) VALUES (14687,"XNDXT25E",384);
INSERT INTO stock_owned (client_id,stock_name,shares) VALUES (19337,"XNDXEURMH",259);
INSERT INTO stock_owned (client_id,stock_name,shares) VALUES (14687,"XNDXNNREUR",440);
INSERT INTO stock_owned (client_id,stock_name,shares) VALUES (13512,"XNDXL",354);
INSERT INTO stock_owned (client_id,stock_name,shares) VALUES (19337,"XNDXT25NNR",836);
INSERT INTO stock_owned (client_id,stock_name,shares) VALUES (13512,"XNDXL3TR",661);
INSERT INTO stock_owned (client_id,stock_name,shares) VALUES (92192,"XNDXS1",920);
INSERT INTO stock_owned (client_id,stock_name,shares) VALUES (37641,"XNDXNNRHKD",567);
INSERT INTO stock_owned (client_id,stock_name,shares) VALUES (11466,"XNDXHKD",662);
INSERT INTO stock_owned (client_id,stock_name,shares) VALUES (25997,"XNDXL",599);
INSERT INTO stock_owned (client_id,stock_name,shares) VALUES (25997,"XNDXS2NNR",473);
INSERT INTO stock_owned (client_id,stock_name,shares) VALUES (14687,"XNDXS1",821);
INSERT INTO stock_owned (client_id,stock_name,shares) VALUES (53704,"XNDXGBP",154);
INSERT INTO stock_owned (client_id,stock_name,shares) VALUES (32473,"XNDXT25NNER",279);
INSERT INTO stock_owned (client_id,stock_name,shares) VALUES (20163,"XNDXCHF",716);
INSERT INTO stock_owned (client_id,stock_name,shares) VALUES (20163,"XNDXCAD",929);
INSERT INTO stock_owned (client_id,stock_name,shares) VALUES (37641,"XNDXS1NNR",174);
INSERT INTO stock_owned (client_id,stock_name,shares) VALUES (92192,"XNDXCHFMH",805);
INSERT INTO stock_owned (client_id,stock_name,shares) VALUES (37641,"XNDXT25E",950);
INSERT INTO stock_owned (client_id,stock_name,shares) VALUES (25997,"XNDXEURMH",252);
INSERT INTO stock_owned (client_id,stock_name,shares) VALUES (53704,"XQC",970);
INSERT INTO stock_owned (client_id,stock_name,shares) VALUES (92192,"XNDXS2NNR",108);
INSERT INTO stock_owned (client_id,stock_name,shares) VALUES (14687,"XNDXS2NNR",153);
INSERT INTO stock_owned (client_id,stock_name,shares) VALUES (53704,"XNDXCHF",758);
INSERT INTO stock_owned (client_id,stock_name,shares) VALUES (14687,"XNDXCHF",520);
INSERT INTO stock_owned (client_id,stock_name,shares) VALUES (82338,"XNDXNNRS3",301);
INSERT INTO stock_owned (client_id,stock_name,shares) VALUES (83886,"XNDXHKD",218);
INSERT INTO stock_owned (client_id,stock_name,shares) VALUES (32473,"XNDXGBP",208);
INSERT INTO stock_owned (client_id,stock_name,shares) VALUES (82338,"XNDXS2NNR",272);
INSERT INTO stock_owned (client_id,stock_name,shares) VALUES (92192,"XNDXCAD",712);
INSERT INTO stock_owned (client_id,stock_name,shares) VALUES (53704,"XNDXL3TR",999);
INSERT INTO stock_owned (client_id,stock_name,shares) VALUES (13512,"XNDXGBP",545);
INSERT INTO stock_owned (client_id,stock_name,shares) VALUES (92192,"XNDXEUR",371);
INSERT INTO stock_owned (client_id,stock_name,shares) VALUES (19337,"XNDXEURMH",194);
INSERT INTO stock_owned (client_id,stock_name,shares) VALUES (19337,"XNDXT25NNER",222);
INSERT INTO stock_owned (client_id,stock_name,shares) VALUES (32473,"XNDXHKD",755);
INSERT INTO stock_owned (client_id,stock_name,shares) VALUES (19337,"XNDXEURMH",809);
INSERT INTO stock_owned (client_id,stock_name,shares) VALUES (92192,"XNDXT25",755);
INSERT INTO stock_owned (client_id,stock_name,shares) VALUES (19337,"XNDXS1NNR",494);
INSERT INTO stock_owned (client_id,stock_name,shares) VALUES (14687,"XQC",426);
INSERT INTO stock_owned (client_id,stock_name,shares) VALUES (19337,"XNDXS2NNR",380);
INSERT INTO stock_owned (client_id,stock_name,shares) VALUES (32473,"XNDXS1",19);
INSERT INTO stock_owned (client_id,stock_name,shares) VALUES (37641,"XNDXNNRS3",201);
INSERT INTO stock_owned (client_id,stock_name,shares) VALUES (20163,"XNDXT25E",109);
INSERT INTO stock_owned (client_id,stock_name,shares) VALUES (25997,"XQC",36);
INSERT INTO stock_owned (client_id,stock_name,shares) VALUES (53704,"XNDXCHF",792);
INSERT INTO stock_owned (client_id,stock_name,shares) VALUES (11466,"XNDXNNRHKD",946);
INSERT INTO stock_owned (client_id,stock_name,shares) VALUES (87505,"XNDXGBPMH",14);
INSERT INTO stock_owned (client_id,stock_name,shares) VALUES (11466,"XNDXHKD",329);
INSERT INTO stock_owned (client_id,stock_name,shares) VALUES (82338,"XNDXEURMH",703);
INSERT INTO stock_owned (client_id,stock_name,shares) VALUES (37641,"XNDXNNRCHF",503);
INSERT INTO stock_owned (client_id,stock_name,shares) VALUES (20163,"XNDXCAD",3);
INSERT INTO stock_owned (client_id,stock_name,shares) VALUES (25997,"XNDXGBP",736);
INSERT INTO stock_owned (client_id,stock_name,shares) VALUES (20163,"XNDXL3TR",570);
INSERT INTO stock_owned (client_id,stock_name,shares) VALUES (25997,"XNDXNNRHKD",490);
INSERT INTO stock_owned (client_id,stock_name,shares) VALUES (11466,"XNBINNR",602);
INSERT INTO stock_owned (client_id,stock_name,shares) VALUES (11466,"XNDXT25",799);
INSERT INTO stock_owned (client_id,stock_name,shares) VALUES (19337,"XNDXEURMH",183);
INSERT INTO stock_owned (client_id,stock_name,shares) VALUES (20163,"XNDXT25NNER",358);
INSERT INTO stock_owned (client_id,stock_name,shares) VALUES (13512,"XNDXL3TR",968);
INSERT INTO stock_owned (client_id,stock_name,shares) VALUES (11466,"XNDXEUR",682);
INSERT INTO stock_owned (client_id,stock_name,shares) VALUES (25997,"XNDXS2",99);
INSERT INTO stock_owned (client_id,stock_name,shares) VALUES (14687,"XNDXHKD",896);
INSERT INTO stock_owned (client_id,stock_name,shares) VALUES (53704,"XNDXL3TR",548);
INSERT INTO stock_owned (client_id,stock_name,shares) VALUES (92192,"XNDXT25NNR",969);
INSERT INTO stock_owned (client_id,stock_name,shares) VALUES (87505,"XNDXL",691);
INSERT INTO stock_owned (client_id,stock_name,shares) VALUES (14687,"XNDXNNREUR",606);
INSERT INTO stock_owned (client_id,stock_name,shares) VALUES (53704,"XNDXT25E",809);
INSERT INTO stock_owned (client_id,stock_name,shares) VALUES (92192,"XNDXS2",535);
INSERT INTO stock_owned (client_id,stock_name,shares) VALUES (14687,"XNDXGBPMH",75);
INSERT INTO stock_owned (client_id,stock_name,shares) VALUES (20163,"XQC",396);
INSERT INTO stock_owned (client_id,stock_name,shares) VALUES (32473,"XNDXT25NNR",543);
INSERT INTO stock_owned (client_id,stock_name,shares) VALUES (19337,"XNDXEUR",976);
INSERT INTO stock_owned (client_id,stock_name,shares) VALUES (37641,"XNDXNNRCAD",173);
INSERT INTO stock_owned (client_id,stock_name,shares) VALUES (87505,"XNDXS1",499);
INSERT INTO stock_owned (client_id,stock_name,shares) VALUES (37641,"XNDXNNREUR",787);
INSERT INTO stock_owned (client_id,stock_name,shares) VALUES (32473,"XNDXNNRGBP",139);
INSERT INTO stock_owned (client_id,stock_name,shares) VALUES (82338,"XNDXNNRCHF",53);
INSERT INTO stock_owned (client_id,stock_name,shares) VALUES (92192,"XNDXCAD",896);
INSERT INTO stock_owned (client_id,stock_name,shares) VALUES (20163,"XCMPNNR",366);
INSERT INTO stock_owned (client_id,stock_name,shares) VALUES (25997,"XNDXT25E",947);
INSERT INTO stock_owned (client_id,stock_name,shares) VALUES (83886,"XNDXHKD",134);
INSERT INTO stock_owned (client_id,stock_name,shares) VALUES (14687,"XNDXHKD",365);
INSERT INTO stock_owned (client_id,stock_name,shares) VALUES (37641,"XNDXL3TR",971);
INSERT INTO stock_owned (client_id,stock_name,shares) VALUES (19337,"XNDXL",915);
INSERT INTO stock_owned (client_id,stock_name,shares) VALUES (92192,"XNDXHKD",984);
INSERT INTO stock_owned (client_id,stock_name,shares) VALUES (25997,"XNDXCHFMH",580);
INSERT INTO stock_owned (client_id,stock_name,shares) VALUES (32473,"XNDXCHFMH",455);
INSERT INTO stock_owned (client_id,stock_name,shares) VALUES (13512,"XNDXT25",308);
INSERT INTO stock_owned (client_id,stock_name,shares) VALUES (32473,"XNDXHKD",963);
INSERT INTO stock_owned (client_id,stock_name,shares) VALUES (92192,"XNDXS2",517);
INSERT INTO stock_owned (client_id,stock_name,shares) VALUES (20163,"XNDXNNRS3",928);
INSERT INTO stock_owned (client_id,stock_name,shares) VALUES (53704,"XNDXNNRCAD",657);
INSERT INTO stock_owned (client_id,stock_name,shares) VALUES (13512,"XQC",460);
INSERT INTO stock_owned (client_id,stock_name,shares) VALUES (82338,"XNDXNNRCHF",554);
INSERT INTO stock_owned (client_id,stock_name,shares) VALUES (82338,"XNDXS2NNR",839);
INSERT INTO stock_owned (client_id,stock_name,shares) VALUES (83886,"XNDXNNRCAD",333);
INSERT INTO stock_owned (client_id,stock_name,shares) VALUES (53704,"XNDXNNREUR",624);
INSERT INTO stock_owned (client_id,stock_name,shares) VALUES (82338,"XNDXT25E",666);
INSERT INTO stock_owned (client_id,stock_name,shares) VALUES (37641,"XNDXS1NNR",195);
INSERT INTO stock_owned (client_id,stock_name,shares) VALUES (32473,"XNDXCHF",901);
INSERT INTO stock_owned (client_id,stock_name,shares) VALUES (83886,"XNDXEUR",649);
INSERT INTO stock_owned (client_id,stock_name,shares) VALUES (92192,"XNDXNNRCHF",1000);
INSERT INTO stock_owned (client_id,stock_name,shares) VALUES (83886,"XNDXT25",214);
INSERT INTO stock_owned (client_id,stock_name,shares) VALUES (13512,"XNBINNR",498);
INSERT INTO stock_owned (client_id,stock_name,shares) VALUES (14687,"XNDXNNREUR",999);
INSERT INTO stock_owned (client_id,stock_name,shares) VALUES (82338,"XNDXCHFMH",287);
INSERT INTO stock_owned (client_id,stock_name,shares) VALUES (32473,"XNDXNNREUR",959);
INSERT INTO stock_owned (client_id,stock_name,shares) VALUES (20163,"XNDXNNRCHF",875);
INSERT INTO stock_owned (client_id,stock_name,shares) VALUES (32473,"XNDXNNRGBP",779);
INSERT INTO stock_owned (client_id,stock_name,shares) VALUES (11466,"XNDXNNREUR",667);
INSERT INTO stock_owned (client_id,stock_name,shares) VALUES (19337,"XNDXT25E",904);
INSERT INTO stock_owned (client_id,stock_name,shares) VALUES (11466,"XNDXL",853);
INSERT INTO stock_owned (client_id,stock_name,shares) VALUES (20163,"XNDXL",693);
INSERT INTO stock_owned (client_id,stock_name,shares) VALUES (37641,"XNDXL",721);
INSERT INTO stock_owned (client_id,stock_name,shares) VALUES (83886,"XNDXL",161);
INSERT INTO stock_owned (client_id,stock_name,shares) VALUES (87505,"XNDXL",978);
INSERT INTO stock_owned (client_id,stock_name,shares) VALUES (53704,"XNDXCHF",369);
INSERT INTO stock_owned (client_id,stock_name,shares) VALUES (19337,"XNDXGBPMH",628);
INSERT INTO stock_owned (client_id,stock_name,shares) VALUES (83886,"XNDXGBPMH",485);
INSERT INTO stock_owned (client_id,stock_name,shares) VALUES (87505,"XNDXEUR",965);
INSERT INTO stock_owned (client_id,stock_name,shares) VALUES (25997,"XNBINNR",766);
INSERT INTO stock_owned (client_id,stock_name,shares) VALUES (25997,"XNDXL3TR",534);
INSERT INTO stock_owned (client_id,stock_name,shares) VALUES (53704,"XNDXCHFMH",454);
INSERT INTO stock_owned (client_id,stock_name,shares) VALUES (20163,"XCMPNNR",204);
INSERT INTO stock_owned (client_id,stock_name,shares) VALUES (20163,"XNBINNR",343);
INSERT INTO stock_owned (client_id,stock_name,shares) VALUES (92192,"XNDXNNRCAD",158);
INSERT INTO stock_owned (client_id,stock_name,shares) VALUES (20163,"XNDXS2",372);
INSERT INTO stock_owned (client_id,stock_name,shares) VALUES (13512,"XNDXCHF",935);
INSERT INTO stock_owned (client_id,stock_name,shares) VALUES (14687,"XNDXEUR",893);
INSERT INTO stock_owned (client_id,stock_name,shares) VALUES (83886,"XCMPNNR",829);
INSERT INTO stock_owned (client_id,stock_name,shares) VALUES (53704,"XNDXCAD",427);
INSERT INTO stock_owned (client_id,stock_name,shares) VALUES (19337,"XNBINNR",400);
INSERT INTO stock_owned (client_id,stock_name,shares) VALUES (20163,"XNDXNNREUR",830);
INSERT INTO stock_owned (client_id,stock_name,shares) VALUES (11466,"XNDXT25NNR",150);
INSERT INTO stock_owned (client_id,stock_name,shares) VALUES (25997,"XNDXT25NNER",260);
INSERT INTO stock_owned (client_id,stock_name,shares) VALUES (13512,"XNDXHKD",137);
INSERT INTO stock_owned (client_id,stock_name,shares) VALUES (13512,"XNBINNR",589);
INSERT INTO stock_owned (client_id,stock_name,shares) VALUES (87505,"XNDXCHFMH",52);
INSERT INTO stock_owned (client_id,stock_name,shares) VALUES (19337,"XNDXHKD",921);
INSERT INTO stock_owned (client_id,stock_name,shares) VALUES (25997,"XNDXCAD",946);
INSERT INTO stock_owned (client_id,stock_name,shares) VALUES (37641,"XNBINNR",368);
INSERT INTO stock_owned (client_id,stock_name,shares) VALUES (92192,"XNDXT25NNR",952);
INSERT INTO stock_owned (client_id,stock_name,shares) VALUES (19337,"XNDXT25NNER",632);
INSERT INTO stock_owned (client_id,stock_name,shares) VALUES (19337,"XNDXT25NNR",193);
INSERT INTO stock_owned (client_id,stock_name,shares) VALUES (19337,"XNDXCHF",328);
INSERT INTO stock_owned (client_id,stock_name,shares) VALUES (83886,"XNDXHKD",685);
INSERT INTO stock_owned (client_id,stock_name,shares) VALUES (25997,"XNDXNNRCAD",322);
INSERT INTO stock_owned (client_id,stock_name,shares) VALUES (20163,"XNDXL",618);
INSERT INTO stock_owned (client_id,stock_name,shares) VALUES (37641,"XNDXS1NNR",940);
INSERT INTO stock_owned (client_id,stock_name,shares) VALUES (20163,"XCMPNNR",581);
INSERT INTO stock_owned (client_id,stock_name,shares) VALUES (14687,"XNDXNNREUR",530);
INSERT INTO stock_owned (client_id,stock_name,shares) VALUES (37641,"XNDXGBP",60);
INSERT INTO stock_owned (client_id,stock_name,shares) VALUES (92192,"XNDXNNRCHF",107);
INSERT INTO stock_owned (client_id,stock_name,shares) VALUES (13512,"XNDXS2",306);
INSERT INTO stock_owned (client_id,stock_name,shares) VALUES (53704,"XNDXL",284);
INSERT INTO stock_owned (client_id,stock_name,shares) VALUES (20163,"XQC",120);
INSERT INTO stock_owned (client_id,stock_name,shares) VALUES (53704,"XNDXT25E",682);
INSERT INTO stock_owned (client_id,stock_name,shares) VALUES (53704,"XNDXL3TR",939);
INSERT INTO stock_owned (client_id,stock_name,shares) VALUES (19337,"XCMPNNR",798);
INSERT INTO stock_owned (client_id,stock_name,shares) VALUES (14687,"XNDXT25NNR",171);
INSERT INTO stock_owned (client_id,stock_name,shares) VALUES (87505,"XNDXNNRCAD",252);
INSERT INTO stock_owned (client_id,stock_name,shares) VALUES (14687,"XNBINNR",756);
INSERT INTO stock_owned (client_id,stock_name,shares) VALUES (82338,"XNDXNNREUR",731);
INSERT INTO stock_owned (client_id,stock_name,shares) VALUES (92192,"XNDXCAD",939);
INSERT INTO stock_owned (client_id,stock_name,shares) VALUES (53704,"XNDXT25",838);
INSERT INTO stock_owned (client_id,stock_name,shares) VALUES (14687,"XNDXEUR",158);
INSERT INTO stock_owned (client_id,stock_name,shares) VALUES (82338,"XNDXGBPMH",883);
INSERT INTO stock_owned (client_id,stock_name,shares) VALUES (92192,"XNDXS2NNR",709);
INSERT INTO stock_owned (client_id,stock_name,shares) VALUES (20163,"XNDXT25",892);
INSERT INTO stock_owned (client_id,stock_name,shares) VALUES (82338,"XNDXNNRS3",10);
INSERT INTO stock_owned (client_id,stock_name,shares) VALUES (13512,"XNDXS1NNR",205);
INSERT INTO stock_owned (client_id,stock_name,shares) VALUES (37641,"XNDXT25NNER",370);
INSERT INTO stock_owned (client_id,stock_name,shares) VALUES (19337,"XNDXCAD",169);
INSERT INTO stock_owned (client_id,stock_name,shares) VALUES (20163,"XNDXCHF",177);
INSERT INTO stock_owned (client_id,stock_name,shares) VALUES (25997,"XNDXT25NNR",149);
INSERT INTO stock_owned (client_id,stock_name,shares) VALUES (11466,"XNDXS1NNR",462);
