INSERT INTO broker (id,last_name,first_name,phone_num,email,address) VALUES (27043,"Schroeder","Ashly",9625845629,"Ashly.Schroeder@test.com","9377 Bohemia Lane");
INSERT INTO broker (id,last_name,first_name,phone_num,email,address) VALUES (51051,"Mccann","Clarence",5113823971,"Clarence.Mccann@test.com","9043 Crescent St.");
INSERT INTO broker (id,last_name,first_name,phone_num,email,address) VALUES (70839,"Bolton","Jerimiah",7085202276,"Jerimiah.Bolton@test.com","78 Silver Spear St.");
INSERT INTO broker (id,last_name,first_name,phone_num,email,address) VALUES (65928,"Choi","Lina",9768553659,"Lina.Choi@test.com","136 Brickyard Dr.");
INSERT INTO broker (id,last_name,first_name,phone_num,email,address) VALUES (55187,"Wallace","Noah",3227999859,"Noah.Wallace@test.com","7812 Wayne Lane");
INSERT INTO broker (id,last_name,first_name,phone_num,email,address) VALUES (31543,"Cruz","Addyson",1805529823,"Addyson.Cruz@test.com","9407 Trusel Ave.");
INSERT INTO broker (id,last_name,first_name,phone_num,email,address) VALUES (76285,"Gallegos","Daniel",9850786984,"Daniel.Gallegos@test.com","253 Circle Street");
INSERT INTO client (id,last_name,first_name,phone_num,email,address,cash) VALUES (92192,"Baird","Enzo",8245922080,"Enzo.Baird@test.com","7670 E. Liberty Court",82034);
INSERT INTO client (id,last_name,first_name,phone_num,email,address,cash) VALUES (82338,"Acevedo","Thalia",3091476021,"Thalia.Acevedo@test.com","8228 Surrey Street",55983);
INSERT INTO client (id,last_name,first_name,phone_num,email,address,cash) VALUES (19337,"Krueger","Jose",9183388741,"Jose.Krueger@test.com","9990 East Riverview Road",17717);
INSERT INTO client (id,last_name,first_name,phone_num,email,address,cash) VALUES (13512,"Galvan","Agustin",7093796099,"Agustin.Galvan@test.com","445 Dunbar St.",72200);
INSERT INTO client (id,last_name,first_name,phone_num,email,address,cash) VALUES (11466,"Chavez","Erika",2840946032,"Erika.Chavez@test.com","49 Race Drive",31076);
INSERT INTO client (id,last_name,first_name,phone_num,email,address,cash) VALUES (32473,"Richardson","Jaidyn",4042317514,"Jaidyn.Richardson@test.com","662 Airport St.",91786);
INSERT INTO client (id,last_name,first_name,phone_num,email,address,cash) VALUES (53704,"Davenport","Andres",5352385797,"Andres.Davenport@test.com","946 Orchard Street",68014);
INSERT INTO client (id,last_name,first_name,phone_num,email,address,cash) VALUES (87505,"French","Libby",6380251487,"Libby.French@test.com","9338 Mayflower St.",43620);
INSERT INTO client (id,last_name,first_name,phone_num,email,address,cash) VALUES (83886,"Hester","Anika",2691739135,"Anika.Hester@test.com","6 Brickyard Street",2434);
INSERT INTO client (id,last_name,first_name,phone_num,email,address,cash) VALUES (37641,"Wong","Darrell",4029257590,"Darrell.Wong@test.com","7163 Tunnel Street",99828);
INSERT INTO client (id,last_name,first_name,phone_num,email,address,cash) VALUES (25997,"Rush","Shayla",8482174056,"Shayla.Rush@test.com","865 Taylor Ave.",67541);
INSERT INTO client (id,last_name,first_name,phone_num,email,address,cash) VALUES (20163,"Swanson","Josh",8433801684,"Josh.Swanson@test.com","159 Bridge St.",79139);
INSERT INTO client (id,last_name,first_name,phone_num,email,address,cash) VALUES (14687,"Copeland","Emmalee",2085980168,"Emmalee.Copeland@test.com","75 New St.",14447);
INSERT INTO credentials VALUES (27043,"Snarelure","p4ScNtGGL_");
INSERT INTO credentials VALUES (51051,"Skullbone","nv_20Ij#j5");
INSERT INTO credentials VALUES (70839,"Burnblaze","iA9+zgD=df");
INSERT INTO credentials VALUES (65928,"Emberburn","q3MO%H690Z");
INSERT INTO credentials VALUES (55187,"Emberfire","cv1qK^_zEJ");
INSERT INTO credentials VALUES (31543,"Evilember","Sqkei2%vSp");
INSERT INTO credentials VALUES (76285,"Firespawn","i%2QID?k2p");
INSERT INTO credentials VALUES (92192,"Flameblow","uA^l3W=8SW");
INSERT INTO credentials VALUES (82338,"SniperGod","iBem9Y6~TI");
INSERT INTO credentials VALUES (19337,"TalkBomber","ecc=n98Pfg");
INSERT INTO credentials VALUES (13512,"SniperWish","eTeW*cN5lp");
INSERT INTO credentials VALUES (11466,"RavySnake","hFits9*Xo6");
INSERT INTO credentials VALUES (32473,"WebTool","az=Wis80!M");
INSERT INTO credentials VALUES (53704,"TurtleCat","uUjgfu*v4i");
INSERT INTO credentials VALUES (87505,"BlogWobbles","Y%W*Eh47r9");
INSERT INTO credentials VALUES (83886,"LuckyDusty","BjS+dus$X6");
INSERT INTO credentials VALUES (37641,"RumChicken","r97Ya%Pmey");
INSERT INTO credentials VALUES (25997,"StonedTime","n&jjX@z1BU");
INSERT INTO credentials VALUES (20163,"CouchChiller","N5$A*tj3Yp");
INSERT INTO credentials VALUES (14687,"VisualMaster","Gk#PJRoVFW");
INSERT INTO stock VALUES ("XQC",date('now'),-590,93869,34907);
INSERT INTO stock VALUES ("XNDXT25NNR",date('now'),4,60057,60542);
INSERT INTO stock VALUES ("XNDXT25NNER",date('now'),-429,65437,22546);
INSERT INTO stock VALUES ("XNDXT25E",date('now'),-456,85887,40320);
INSERT INTO stock VALUES ("XNDXT25",date('now'),872,9123,96387);
INSERT INTO stock VALUES ("XNDXS2NNR",date('now'),207,6526,27267);
INSERT INTO stock VALUES ("XNDXS2",date('now'),325,49923,82497);
INSERT INTO stock VALUES ("XNDXS1NNR",date('now'),200,27797,47890);
INSERT INTO stock VALUES ("XNDXS1",date('now'),846,8366,93029);
INSERT INTO stock VALUES ("XNDXNNRS3",date('now'),-590,93869,34907);
INSERT INTO stock VALUES ("XNDXNNRGBP",date('now'),4,60057,60542);
INSERT INTO stock VALUES ("XNDXNNRHKD",date('now'),-429,65437,22546);
INSERT INTO stock VALUES ("XNDXNNREUR",date('now'),-456,85887,40320);
INSERT INTO stock VALUES ("XNDXNNRCHF",date('now'),872,9123,96387);
INSERT INTO stock VALUES ("XNDXNNRCAD",date('now'),207,6526,27267);
INSERT INTO stock VALUES ("XNDXL3TR",date('now'),325,49923,82497);
INSERT INTO stock VALUES ("XNDXL",date('now'),200,27797,47890);
INSERT INTO stock VALUES ("XNDXHKD",date('now'),846,8366,93029);
INSERT INTO stock VALUES ("XNDXGBPMH",date('now'),-590,93869,34907);
INSERT INTO stock VALUES ("XNDXGBP",date('now'),4,60057,60542);
INSERT INTO stock VALUES ("XNDXEURMH",date('now'),-429,65437,22546);
INSERT INTO stock VALUES ("XNDXCHFMH",date('now'),-456,85887,40320);
INSERT INTO stock VALUES ("XNDXEUR",date('now'),872,9123,96387);
INSERT INTO stock VALUES ("XNDXCHF",date('now'),207,6526,27267);
INSERT INTO stock VALUES ("XNDXCAD",date('now'),325,49923,82497);
INSERT INTO stock VALUES ("XNBINNR",date('now'),200,2779,47890);
INSERT INTO stock VALUES ("XCMPNNR",date('now'),846,652234,93029);
INSERT INTO relationship (broker_id,client_id) VALUES (27043,92192);
INSERT INTO relationship (broker_id,client_id) VALUES (65928,82338);
INSERT INTO relationship (broker_id,client_id) VALUES (76285,19337);
INSERT INTO relationship (broker_id,client_id) VALUES (51051,13512);
INSERT INTO relationship (broker_id,client_id) VALUES (76285,11466);
INSERT INTO relationship (broker_id,client_id) VALUES (65928,32473);
INSERT INTO relationship (broker_id,client_id) VALUES (70839,53704);
INSERT INTO relationship (broker_id,client_id) VALUES (70839,87505);
INSERT INTO relationship (broker_id,client_id) VALUES (65928,83886);
INSERT INTO relationship (broker_id,client_id) VALUES (31543,37641);
INSERT INTO relationship (broker_id,client_id) VALUES (27043,25997);
INSERT INTO relationship (broker_id,client_id) VALUES (31543,20163);
INSERT INTO relationship (broker_id,client_id) VALUES (31543,14687);
INSERT INTO stock_owned (client_id,stock_name,shares) VALUES (11466,"XNDXS2NNR",756);
INSERT INTO stock_owned (client_id,stock_name,shares) VALUES (87505,"XNDXT25NNR",705);
INSERT INTO stock_owned (client_id,stock_name,shares) VALUES (32473,"XNDXS2",976);
INSERT INTO stock_owned (client_id,stock_name,shares) VALUES (83886,"XNDXHKD",64);
INSERT INTO stock_owned (client_id,stock_name,shares) VALUES (19337,"XNDXT25E",483);
INSERT INTO stock_owned (client_id,stock_name,shares) VALUES (14687,"XNDXCHF",929);
INSERT INTO stock_owned (client_id,stock_name,shares) VALUES (83886,"XNDXNNRGBP",415);
INSERT INTO stock_owned (client_id,stock_name,shares) VALUES (87505,"XNDXT25E",74);
INSERT INTO stock_owned (client_id,stock_name,shares) VALUES (53704,"XNDXNNRCAD",835);
INSERT INTO stock_owned (client_id,stock_name,shares) VALUES (83886,"XNDXT25E",590);
INSERT INTO stock_owned (client_id,stock_name,shares) VALUES (53704,"XNDXS1",569);
INSERT INTO stock_owned (client_id,stock_name,shares) VALUES (37641,"XNDXNNRCAD",648);
INSERT INTO stock_owned (client_id,stock_name,shares) VALUES (83886,"XNDXEURMH",764);
INSERT INTO stock_owned (client_id,stock_name,shares) VALUES (14687,"XNDXT25NNR",957);
INSERT INTO stock_owned (client_id,stock_name,shares) VALUES (92192,"XNDXEUR",509);
INSERT INTO stock_owned (client_id,stock_name,shares) VALUES (25997,"XNBINNR",855);
INSERT INTO stock_owned (client_id,stock_name,shares) VALUES (87505,"XNDXEUR",862);
INSERT INTO stock_owned (client_id,stock_name,shares) VALUES (19337,"XNDXT25NNR",161);
INSERT INTO stock_owned (client_id,stock_name,shares) VALUES (87505,"XNDXL",587);
INSERT INTO stock_owned (client_id,stock_name,shares) VALUES (32473,"XNBINNR",533);
INSERT INTO stock_owned (client_id,stock_name,shares) VALUES (87505,"XNDXL",516);
INSERT INTO stock_owned (client_id,stock_name,shares) VALUES (25997,"XNDXHKD",569);
INSERT INTO stock_owned (client_id,stock_name,shares) VALUES (37641,"XNDXT25E",652);
INSERT INTO stock_owned (client_id,stock_name,shares) VALUES (19337,"XNDXT25NNR",290);
INSERT INTO stock_owned (client_id,stock_name,shares) VALUES (87505,"XNDXCAD",761);
INSERT INTO stock_owned (client_id,stock_name,shares) VALUES (19337,"XNDXEUR",349);
INSERT INTO stock_owned (client_id,stock_name,shares) VALUES (83886,"XNDXS2",623);
INSERT INTO stock_owned (client_id,stock_name,shares) VALUES (19337,"XNDXEURMH",929);
INSERT INTO stock_owned (client_id,stock_name,shares) VALUES (92192,"XNDXHKD",146);
INSERT INTO stock_owned (client_id,stock_name,shares) VALUES (53704,"XNDXGBP",969);
INSERT INTO stock_owned (client_id,stock_name,shares) VALUES (19337,"XNDXL",82);
INSERT INTO stock_owned (client_id,stock_name,shares) VALUES (25997,"XNDXNNRS3",381);
INSERT INTO stock_owned (client_id,stock_name,shares) VALUES (11466,"XNDXCHFMH",732);
INSERT INTO stock_owned (client_id,stock_name,shares) VALUES (83886,"XNDXL",741);
INSERT INTO stock_owned (client_id,stock_name,shares) VALUES (11466,"XNDXCHF",495);
INSERT INTO stock_owned (client_id,stock_name,shares) VALUES (83886,"XNBINNR",922);
INSERT INTO stock_owned (client_id,stock_name,shares) VALUES (19337,"XNDXS2NNR",152);
INSERT INTO stock_owned (client_id,stock_name,shares) VALUES (25997,"XNDXS1",869);
INSERT INTO stock_owned (client_id,stock_name,shares) VALUES (92192,"XNDXL3TR",246);
INSERT INTO stock_owned (client_id,stock_name,shares) VALUES (53704,"XQC",796);
INSERT INTO stock_owned (client_id,stock_name,shares) VALUES (13512,"XNDXS1NNR",117);
INSERT INTO stock_owned (client_id,stock_name,shares) VALUES (32473,"XNDXGBPMH",831);
INSERT INTO stock_owned (client_id,stock_name,shares) VALUES (83886,"XNDXS1",981);
INSERT INTO stock_owned (client_id,stock_name,shares) VALUES (11466,"XQC",149);
INSERT INTO stock_owned (client_id,stock_name,shares) VALUES (53704,"XNDXCHFMH",401);
INSERT INTO stock_owned (client_id,stock_name,shares) VALUES (32473,"XNDXCAD",727);
INSERT INTO stock_owned (client_id,stock_name,shares) VALUES (11466,"XNDXT25E",787);
INSERT INTO stock_owned (client_id,stock_name,shares) VALUES (32473,"XNDXL",532);
INSERT INTO stock_owned (client_id,stock_name,shares) VALUES (11466,"XNDXNNRCAD",824);
INSERT INTO stock_owned (client_id,stock_name,shares) VALUES (53704,"XNDXS1",392);
INSERT INTO stock_owned (client_id,stock_name,shares) VALUES (92192,"XNDXCAD",708);
INSERT INTO stock_owned (client_id,stock_name,shares) VALUES (20163,"XNDXL3TR",737);
INSERT INTO stock_owned (client_id,stock_name,shares) VALUES (32473,"XNBINNR",535);
INSERT INTO stock_owned (client_id,stock_name,shares) VALUES (92192,"XNDXCAD",630);
INSERT INTO stock_owned (client_id,stock_name,shares) VALUES (20163,"XNDXNNREUR",254);
INSERT INTO stock_owned (client_id,stock_name,shares) VALUES (13512,"XNDXT25NNR",216);
INSERT INTO stock_owned (client_id,stock_name,shares) VALUES (13512,"XNDXGBPMH",672);
INSERT INTO stock_owned (client_id,stock_name,shares) VALUES (83886,"XNDXCHFMH",308);
INSERT INTO stock_owned (client_id,stock_name,shares) VALUES (32473,"XNDXNNREUR",364);
INSERT INTO stock_owned (client_id,stock_name,shares) VALUES (19337,"XNDXGBP",659);
INSERT INTO stock_owned (client_id,stock_name,shares) VALUES (32473,"XNBINNR",814);
INSERT INTO stock_owned (client_id,stock_name,shares) VALUES (32473,"XNBINNR",855);
INSERT INTO stock_owned (client_id,stock_name,shares) VALUES (14687,"XNDXL3TR",391);
INSERT INTO stock_owned (client_id,stock_name,shares) VALUES (53704,"XNDXS2",61);
INSERT INTO stock_owned (client_id,stock_name,shares) VALUES (19337,"XNDXL3TR",129);
INSERT INTO stock_owned (client_id,stock_name,shares) VALUES (82338,"XNDXT25E",279);
INSERT INTO stock_owned (client_id,stock_name,shares) VALUES (83886,"XNDXNNRHKD",94);
INSERT INTO stock_owned (client_id,stock_name,shares) VALUES (19337,"XNDXS2",187);
INSERT INTO stock_owned (client_id,stock_name,shares) VALUES (25997,"XNDXT25E",729);
INSERT INTO stock_owned (client_id,stock_name,shares) VALUES (92192,"XQC",406);
INSERT INTO stock_owned (client_id,stock_name,shares) VALUES (82338,"XNDXCHF",497);
INSERT INTO stock_owned (client_id,stock_name,shares) VALUES (37641,"XNDXT25NNR",791);
INSERT INTO stock_owned (client_id,stock_name,shares) VALUES (92192,"XNDXS2NNR",981);
INSERT INTO stock_owned (client_id,stock_name,shares) VALUES (19337,"XNDXEURMH",11);
INSERT INTO stock_owned (client_id,stock_name,shares) VALUES (25997,"XNDXNNRCAD",375);
INSERT INTO stock_owned (client_id,stock_name,shares) VALUES (82338,"XNDXGBPMH",724);
INSERT INTO stock_owned (client_id,stock_name,shares) VALUES (25997,"XNDXL",7);
INSERT INTO stock_owned (client_id,stock_name,shares) VALUES (53704,"XNDXCHFMH",447);
INSERT INTO stock_owned (client_id,stock_name,shares) VALUES (25997,"XNDXT25NNR",307);
INSERT INTO stock_owned (client_id,stock_name,shares) VALUES (87505,"XNDXCAD",584);
INSERT INTO stock_owned (client_id,stock_name,shares) VALUES (11466,"XNDXNNRCHF",192);
INSERT INTO stock_owned (client_id,stock_name,shares) VALUES (20163,"XNDXNNRHKD",656);
INSERT INTO stock_owned (client_id,stock_name,shares) VALUES (20163,"XNDXCHFMH",175);
INSERT INTO stock_owned (client_id,stock_name,shares) VALUES (87505,"XNDXS1NNR",188);
INSERT INTO stock_owned (client_id,stock_name,shares) VALUES (14687,"XNDXS2NNR",802);
INSERT INTO stock_owned (client_id,stock_name,shares) VALUES (19337,"XNDXNNREUR",702);
INSERT INTO stock_owned (client_id,stock_name,shares) VALUES (14687,"XNDXHKD",313);
INSERT INTO stock_owned (client_id,stock_name,shares) VALUES (53704,"XNDXT25E",164);
INSERT INTO stock_owned (client_id,stock_name,shares) VALUES (13512,"XNDXNNRCHF",961);
INSERT INTO stock_owned (client_id,stock_name,shares) VALUES (92192,"XNDXS1NNR",815);
INSERT INTO stock_owned (client_id,stock_name,shares) VALUES (87505,"XNDXT25NNR",104);
INSERT INTO stock_owned (client_id,stock_name,shares) VALUES (14687,"XNDXT25E",508);
INSERT INTO stock_owned (client_id,stock_name,shares) VALUES (87505,"XNDXT25NNER",132);
INSERT INTO stock_owned (client_id,stock_name,shares) VALUES (32473,"XCMPNNR",57);
INSERT INTO stock_owned (client_id,stock_name,shares) VALUES (92192,"XNBINNR",507);
INSERT INTO stock_owned (client_id,stock_name,shares) VALUES (83886,"XNDXGBPMH",691);
INSERT INTO stock_owned (client_id,stock_name,shares) VALUES (25997,"XNDXHKD",551);
INSERT INTO stock_owned (client_id,stock_name,shares) VALUES (14687,"XNDXGBPMH",155);
INSERT INTO stock_owned (client_id,stock_name,shares) VALUES (20163,"XNDXS2NNR",488);
INSERT INTO stock_owned (client_id,stock_name,shares) VALUES (11466,"XCMPNNR",978);
INSERT INTO stock_owned (client_id,stock_name,shares) VALUES (92192,"XNDXT25",878);
INSERT INTO stock_owned (client_id,stock_name,shares) VALUES (83886,"XNDXNNRGBP",579);
INSERT INTO stock_owned (client_id,stock_name,shares) VALUES (92192,"XNBINNR",824);
INSERT INTO stock_owned (client_id,stock_name,shares) VALUES (13512,"XNDXS2",684);
INSERT INTO stock_owned (client_id,stock_name,shares) VALUES (87505,"XCMPNNR",196);
INSERT INTO stock_owned (client_id,stock_name,shares) VALUES (83886,"XNDXS2NNR",293);
INSERT INTO stock_owned (client_id,stock_name,shares) VALUES (19337,"XNDXS1NNR",962);
INSERT INTO stock_owned (client_id,stock_name,shares) VALUES (92192,"XNDXNNRCAD",137);
INSERT INTO stock_owned (client_id,stock_name,shares) VALUES (92192,"XNDXNNREUR",224);
INSERT INTO stock_owned (client_id,stock_name,shares) VALUES (82338,"XNDXS2",863);
INSERT INTO stock_owned (client_id,stock_name,shares) VALUES (25997,"XNDXT25NNR",83);
INSERT INTO stock_owned (client_id,stock_name,shares) VALUES (92192,"XNDXS1",231);
INSERT INTO stock_owned (client_id,stock_name,shares) VALUES (83886,"XNDXGBPMH",335);
INSERT INTO stock_owned (client_id,stock_name,shares) VALUES (20163,"XNDXNNRCAD",505);
INSERT INTO stock_owned (client_id,stock_name,shares) VALUES (83886,"XNDXT25E",819);
INSERT INTO stock_owned (client_id,stock_name,shares) VALUES (14687,"XNDXNNRCHF",614);
INSERT INTO stock_owned (client_id,stock_name,shares) VALUES (87505,"XCMPNNR",412);
INSERT INTO stock_owned (client_id,stock_name,shares) VALUES (20163,"XNDXCAD",766);
INSERT INTO stock_owned (client_id,stock_name,shares) VALUES (20163,"XNDXS2NNR",742);
INSERT INTO stock_owned (client_id,stock_name,shares) VALUES (20163,"XNDXNNRHKD",935);
INSERT INTO stock_owned (client_id,stock_name,shares) VALUES (32473,"XNDXS2",560);
INSERT INTO stock_owned (client_id,stock_name,shares) VALUES (37641,"XNDXGBP",319);
INSERT INTO stock_owned (client_id,stock_name,shares) VALUES (19337,"XNDXS1NNR",945);
INSERT INTO stock_owned (client_id,stock_name,shares) VALUES (83886,"XNDXNNRGBP",847);
INSERT INTO stock_owned (client_id,stock_name,shares) VALUES (20163,"XCMPNNR",38);
INSERT INTO stock_owned (client_id,stock_name,shares) VALUES (53704,"XQC",830);
INSERT INTO stock_owned (client_id,stock_name,shares) VALUES (53704,"XNDXT25E",603);
INSERT INTO stock_owned (client_id,stock_name,shares) VALUES (13512,"XNDXNNRGBP",624);
INSERT INTO stock_owned (client_id,stock_name,shares) VALUES (92192,"XNDXT25",735);
INSERT INTO stock_owned (client_id,stock_name,shares) VALUES (11466,"XNDXL3TR",61);
INSERT INTO stock_owned (client_id,stock_name,shares) VALUES (13512,"XNDXCHFMH",631);
INSERT INTO stock_owned (client_id,stock_name,shares) VALUES (53704,"XNDXGBPMH",823);
INSERT INTO stock_owned (client_id,stock_name,shares) VALUES (25997,"XNDXCAD",407);
INSERT INTO stock_owned (client_id,stock_name,shares) VALUES (87505,"XNDXS2NNR",418);
INSERT INTO stock_owned (client_id,stock_name,shares) VALUES (25997,"XNDXT25NNER",566);
INSERT INTO stock_owned (client_id,stock_name,shares) VALUES (92192,"XNDXHKD",181);
INSERT INTO stock_owned (client_id,stock_name,shares) VALUES (92192,"XNDXEUR",425);
INSERT INTO stock_owned (client_id,stock_name,shares) VALUES (20163,"XNDXNNRHKD",956);
INSERT INTO stock_owned (client_id,stock_name,shares) VALUES (11466,"XNDXEUR",518);
INSERT INTO stock_owned (client_id,stock_name,shares) VALUES (11466,"XNDXL",539);
INSERT INTO stock_owned (client_id,stock_name,shares) VALUES (19337,"XNDXNNRHKD",703);
INSERT INTO stock_owned (client_id,stock_name,shares) VALUES (19337,"XNDXHKD",902);
INSERT INTO stock_owned (client_id,stock_name,shares) VALUES (11466,"XNDXNNRS3",634);
INSERT INTO stock_owned (client_id,stock_name,shares) VALUES (53704,"XNDXL3TR",478);
INSERT INTO stock_owned (client_id,stock_name,shares) VALUES (83886,"XNDXT25E",633);
INSERT INTO stock_owned (client_id,stock_name,shares) VALUES (83886,"XNDXT25NNER",892);
INSERT INTO stock_owned (client_id,stock_name,shares) VALUES (53704,"XNDXHKD",745);
INSERT INTO stock_owned (client_id,stock_name,shares) VALUES (92192,"XNDXS1",67);
INSERT INTO stock_owned (client_id,stock_name,shares) VALUES (11466,"XNDXS1NNR",587);
INSERT INTO stock_owned (client_id,stock_name,shares) VALUES (32473,"XNDXEUR",314);
INSERT INTO stock_owned (client_id,stock_name,shares) VALUES (83886,"XCMPNNR",5);
INSERT INTO stock_owned (client_id,stock_name,shares) VALUES (87505,"XNDXT25NNER",356);
INSERT INTO stock_owned (client_id,stock_name,shares) VALUES (13512,"XQC",50);
INSERT INTO stock_owned (client_id,stock_name,shares) VALUES (83886,"XNDXT25",432);
INSERT INTO stock_owned (client_id,stock_name,shares) VALUES (14687,"XNDXCHFMH",610);
INSERT INTO stock_owned (client_id,stock_name,shares) VALUES (82338,"XNDXNNRCAD",344);
INSERT INTO stock_owned (client_id,stock_name,shares) VALUES (20163,"XNDXGBP",406);
INSERT INTO stock_owned (client_id,stock_name,shares) VALUES (20163,"XNDXGBPMH",962);
INSERT INTO stock_owned (client_id,stock_name,shares) VALUES (25997,"XNDXS2NNR",800);
INSERT INTO stock_owned (client_id,stock_name,shares) VALUES (20163,"XNDXNNRGBP",543);
INSERT INTO stock_owned (client_id,stock_name,shares) VALUES (20163,"XNDXEUR",876);
INSERT INTO stock_owned (client_id,stock_name,shares) VALUES (11466,"XNDXT25NNER",381);
INSERT INTO stock_owned (client_id,stock_name,shares) VALUES (19337,"XNDXCAD",977);
INSERT INTO stock_owned (client_id,stock_name,shares) VALUES (82338,"XNDXCHF",599);
INSERT INTO stock_owned (client_id,stock_name,shares) VALUES (32473,"XNDXT25NNR",210);
INSERT INTO stock_owned (client_id,stock_name,shares) VALUES (32473,"XQC",725);
INSERT INTO stock_owned (client_id,stock_name,shares) VALUES (37641,"XNDXS2NNR",787);
INSERT INTO stock_owned (client_id,stock_name,shares) VALUES (25997,"XNDXS2NNR",276);
INSERT INTO stock_owned (client_id,stock_name,shares) VALUES (25997,"XNDXCHF",147);
INSERT INTO stock_owned (client_id,stock_name,shares) VALUES (37641,"XNDXL",908);
INSERT INTO stock_owned (client_id,stock_name,shares) VALUES (13512,"XNBINNR",747);
INSERT INTO stock_owned (client_id,stock_name,shares) VALUES (87505,"XNDXL",607);
INSERT INTO stock_owned (client_id,stock_name,shares) VALUES (13512,"XNDXT25E",829);
INSERT INTO stock_owned (client_id,stock_name,shares) VALUES (20163,"XNDXEURMH",277);
INSERT INTO stock_owned (client_id,stock_name,shares) VALUES (13512,"XNDXCAD",835);
INSERT INTO stock_owned (client_id,stock_name,shares) VALUES (37641,"XNDXS1NNR",427);
INSERT INTO stock_owned (client_id,stock_name,shares) VALUES (11466,"XNDXS2NNR",584);
INSERT INTO stock_owned (client_id,stock_name,shares) VALUES (20163,"XNDXEUR",801);
INSERT INTO stock_owned (client_id,stock_name,shares) VALUES (37641,"XNDXT25NNER",278);
INSERT INTO stock_owned (client_id,stock_name,shares) VALUES (13512,"XNDXCAD",51);
INSERT INTO stock_owned (client_id,stock_name,shares) VALUES (20163,"XCMPNNR",764);
INSERT INTO stock_owned (client_id,stock_name,shares) VALUES (32473,"XNDXS2NNR",12);
INSERT INTO stock_owned (client_id,stock_name,shares) VALUES (53704,"XNDXGBP",637);
INSERT INTO stock_owned (client_id,stock_name,shares) VALUES (13512,"XNDXNNRGBP",180);
INSERT INTO stock_owned (client_id,stock_name,shares) VALUES (11466,"XNDXNNREUR",514);
INSERT INTO stock_owned (client_id,stock_name,shares) VALUES (14687,"XNDXNNREUR",726);
INSERT INTO stock_owned (client_id,stock_name,shares) VALUES (19337,"XNDXS1",932);
INSERT INTO stock_owned (client_id,stock_name,shares) VALUES (20163,"XNDXNNREUR",233);
INSERT INTO stock_owned (client_id,stock_name,shares) VALUES (11466,"XNDXCAD",995);
INSERT INTO stock_owned (client_id,stock_name,shares) VALUES (87505,"XNDXGBPMH",594);
INSERT INTO stock_owned (client_id,stock_name,shares) VALUES (87505,"XNDXHKD",963);
INSERT INTO stock_owned (client_id,stock_name,shares) VALUES (32473,"XNBINNR",488);
INSERT INTO stock_owned (client_id,stock_name,shares) VALUES (11466,"XNDXS1NNR",369);
INSERT INTO stock_owned (client_id,stock_name,shares) VALUES (87505,"XNDXL",69);
INSERT INTO stock_owned (client_id,stock_name,shares) VALUES (53704,"XNDXEURMH",902);
INSERT INTO stock_owned (client_id,stock_name,shares) VALUES (13512,"XNDXL",611);
INSERT INTO stock_owned (client_id,stock_name,shares) VALUES (11466,"XNDXT25",807);
INSERT INTO stock_owned (client_id,stock_name,shares) VALUES (25997,"XQC",940);
INSERT INTO stock_owned (client_id,stock_name,shares) VALUES (11466,"XNDXNNRCAD",754);
INSERT INTO stock_owned (client_id,stock_name,shares) VALUES (11466,"XNDXNNRS3",753);
INSERT INTO stock_owned (client_id,stock_name,shares) VALUES (11466,"XNDXS2NNR",588);
INSERT INTO stock_owned (client_id,stock_name,shares) VALUES (87505,"XNDXL3TR",63);
INSERT INTO stock_owned (client_id,stock_name,shares) VALUES (92192,"XNDXGBPMH",699);
INSERT INTO stock_owned (client_id,stock_name,shares) VALUES (53704,"XNDXT25NNER",690);
INSERT INTO stock_owned (client_id,stock_name,shares) VALUES (14687,"XCMPNNR",594);
INSERT INTO stock_owned (client_id,stock_name,shares) VALUES (83886,"XQC",239);
INSERT INTO stock_owned (client_id,stock_name,shares) VALUES (25997,"XNDXS2",150);
INSERT INTO stock_owned (client_id,stock_name,shares) VALUES (32473,"XNDXT25E",466);
INSERT INTO stock_owned (client_id,stock_name,shares) VALUES (37641,"XNDXNNRS3",293);
INSERT INTO stock_owned (client_id,stock_name,shares) VALUES (25997,"XNDXL3TR",305);
INSERT INTO stock_owned (client_id,stock_name,shares) VALUES (20163,"XNDXL3TR",213);
INSERT INTO stock_owned (client_id,stock_name,shares) VALUES (32473,"XNDXT25NNER",635);
INSERT INTO stock_owned (client_id,stock_name,shares) VALUES (37641,"XNDXNNREUR",544);
INSERT INTO stock_owned (client_id,stock_name,shares) VALUES (14687,"XNDXEUR",899);
INSERT INTO stock_owned (client_id,stock_name,shares) VALUES (13512,"XNDXGBP",933);
INSERT INTO stock_owned (client_id,stock_name,shares) VALUES (11466,"XQC",77);
INSERT INTO stock_owned (client_id,stock_name,shares) VALUES (11466,"XNDXNNRGBP",345);
INSERT INTO stock_owned (client_id,stock_name,shares) VALUES (53704,"XNDXT25NNR",8);
INSERT INTO stock_owned (client_id,stock_name,shares) VALUES (25997,"XCMPNNR",373);
INSERT INTO stock_owned (client_id,stock_name,shares) VALUES (20163,"XNDXCHFMH",491);
INSERT INTO stock_owned (client_id,stock_name,shares) VALUES (19337,"XNDXS1NNR",925);
INSERT INTO stock_owned (client_id,stock_name,shares) VALUES (25997,"XNDXCHF",68);
INSERT INTO stock_owned (client_id,stock_name,shares) VALUES (11466,"XNDXNNRGBP",70);
INSERT INTO stock_owned (client_id,stock_name,shares) VALUES (20163,"XNDXGBP",742);
INSERT INTO stock_owned (client_id,stock_name,shares) VALUES (82338,"XNDXHKD",726);
INSERT INTO stock_owned (client_id,stock_name,shares) VALUES (82338,"XNDXNNRCAD",254);
INSERT INTO stock_owned (client_id,stock_name,shares) VALUES (25997,"XNDXEUR",4);
INSERT INTO stock_owned (client_id,stock_name,shares) VALUES (25997,"XNDXNNREUR",461);
INSERT INTO stock_owned (client_id,stock_name,shares) VALUES (20163,"XNDXEUR",498);
INSERT INTO stock_owned (client_id,stock_name,shares) VALUES (14687,"XNDXL",683);
INSERT INTO stock_owned (client_id,stock_name,shares) VALUES (53704,"XNDXNNRCHF",791);
INSERT INTO stock_owned (client_id,stock_name,shares) VALUES (92192,"XNDXT25NNER",359);
INSERT INTO stock_owned (client_id,stock_name,shares) VALUES (19337,"XNDXCHFMH",546);
INSERT INTO stock_owned (client_id,stock_name,shares) VALUES (11466,"XNDXNNRHKD",236);
INSERT INTO stock_owned (client_id,stock_name,shares) VALUES (20163,"XNDXCHF",735);
INSERT INTO stock_owned (client_id,stock_name,shares) VALUES (13512,"XNDXL3TR",215);
INSERT INTO stock_owned (client_id,stock_name,shares) VALUES (20163,"XNDXGBP",700);
INSERT INTO stock_owned (client_id,stock_name,shares) VALUES (19337,"XNDXT25NNR",712);
INSERT INTO stock_owned (client_id,stock_name,shares) VALUES (83886,"XNDXL3TR",297);
INSERT INTO stock_owned (client_id,stock_name,shares) VALUES (13512,"XNDXS1",436);
INSERT INTO stock_owned (client_id,stock_name,shares) VALUES (53704,"XNDXGBPMH",145);
INSERT INTO stock_owned (client_id,stock_name,shares) VALUES (83886,"XNDXT25",3);
INSERT INTO stock_owned (client_id,stock_name,shares) VALUES (92192,"XNDXNNRCAD",411);
INSERT INTO stock_owned (client_id,stock_name,shares) VALUES (14687,"XNDXNNRHKD",494);
INSERT INTO stock_owned (client_id,stock_name,shares) VALUES (32473,"XNDXT25",975);
INSERT INTO stock_owned (client_id,stock_name,shares) VALUES (83886,"XNDXL3TR",487);
INSERT INTO stock_owned (client_id,stock_name,shares) VALUES (92192,"XNDXS1",944);
INSERT INTO stock_owned (client_id,stock_name,shares) VALUES (25997,"XNDXT25",496);
INSERT INTO stock_owned (client_id,stock_name,shares) VALUES (32473,"XNDXT25",441);
INSERT INTO stock_owned (client_id,stock_name,shares) VALUES (82338,"XNDXGBPMH",703);
INSERT INTO stock_owned (client_id,stock_name,shares) VALUES (82338,"XNDXNNRCHF",818);
INSERT INTO stock_owned (client_id,stock_name,shares) VALUES (25997,"XNDXGBPMH",75);
INSERT INTO stock_owned (client_id,stock_name,shares) VALUES (32473,"XNDXEUR",666);
INSERT INTO stock_owned (client_id,stock_name,shares) VALUES (92192,"XNDXL",898);
INSERT INTO stock_owned (client_id,stock_name,shares) VALUES (11466,"XNDXGBPMH",858);
INSERT INTO stock_owned (client_id,stock_name,shares) VALUES (92192,"XNDXT25NNER",327);
INSERT INTO stock_owned (client_id,stock_name,shares) VALUES (14687,"XNDXNNRHKD",600);
INSERT INTO stock_owned (client_id,stock_name,shares) VALUES (82338,"XNDXS2",632);
INSERT INTO stock_owned (client_id,stock_name,shares) VALUES (13512,"XNDXNNREUR",859);
INSERT INTO stock_owned (client_id,stock_name,shares) VALUES (13512,"XNDXS1",264);
INSERT INTO stock_owned (client_id,stock_name,shares) VALUES (53704,"XNDXEURMH",450);
INSERT INTO stock_owned (client_id,stock_name,shares) VALUES (87505,"XNDXCHFMH",839);
INSERT INTO stock_owned (client_id,stock_name,shares) VALUES (82338,"XNDXGBPMH",115);
INSERT INTO stock_owned (client_id,stock_name,shares) VALUES (83886,"XNDXT25",732);
INSERT INTO stock_owned (client_id,stock_name,shares) VALUES (25997,"XNDXT25",945);
INSERT INTO stock_owned (client_id,stock_name,shares) VALUES (32473,"XNDXNNRS3",546);
INSERT INTO stock_owned (client_id,stock_name,shares) VALUES (19337,"XNDXS1NNR",830);
INSERT INTO stock_owned (client_id,stock_name,shares) VALUES (14687,"XNDXS1NNR",770);
INSERT INTO stock_owned (client_id,stock_name,shares) VALUES (53704,"XNDXEUR",228);
INSERT INTO stock_owned (client_id,stock_name,shares) VALUES (32473,"XNDXNNRHKD",771);
INSERT INTO stock_owned (client_id,stock_name,shares) VALUES (13512,"XNDXS1",756);
INSERT INTO stock_owned (client_id,stock_name,shares) VALUES (14687,"XNDXL3TR",183);
INSERT INTO stock_owned (client_id,stock_name,shares) VALUES (14687,"XCMPNNR",492);
INSERT INTO stock_owned (client_id,stock_name,shares) VALUES (14687,"XNDXNNRCHF",410);
INSERT INTO stock_owned (client_id,stock_name,shares) VALUES (87505,"XNDXGBP",835);
INSERT INTO stock_owned (client_id,stock_name,shares) VALUES (32473,"XNDXCHF",229);
INSERT INTO stock_owned (client_id,stock_name,shares) VALUES (83886,"XNDXS2",700);
INSERT INTO stock_owned (client_id,stock_name,shares) VALUES (14687,"XNDXL3TR",383);
INSERT INTO stock_owned (client_id,stock_name,shares) VALUES (53704,"XNDXT25E",954);
INSERT INTO stock_owned (client_id,stock_name,shares) VALUES (19337,"XNDXGBPMH",783);
INSERT INTO stock_owned (client_id,stock_name,shares) VALUES (87505,"XNDXS2NNR",577);
INSERT INTO stock_owned (client_id,stock_name,shares) VALUES (82338,"XNDXNNRS3",725);
INSERT INTO stock_owned (client_id,stock_name,shares) VALUES (83886,"XNDXT25",292);
INSERT INTO stock_owned (client_id,stock_name,shares) VALUES (87505,"XNDXNNRHKD",529);
INSERT INTO stock_owned (client_id,stock_name,shares) VALUES (83886,"XNBINNR",734);
INSERT INTO stock_owned (client_id,stock_name,shares) VALUES (13512,"XNDXGBP",220);
INSERT INTO stock_owned (client_id,stock_name,shares) VALUES (20163,"XNBINNR",332);
INSERT INTO stock_owned (client_id,stock_name,shares) VALUES (11466,"XNDXCAD",385);
INSERT INTO stock_owned (client_id,stock_name,shares) VALUES (11466,"XNDXGBP",396);
INSERT INTO stock_owned (client_id,stock_name,shares) VALUES (92192,"XQC",255);
INSERT INTO stock_owned (client_id,stock_name,shares) VALUES (53704,"XNDXEUR",956);
INSERT INTO stock_owned (client_id,stock_name,shares) VALUES (37641,"XNDXEUR",482);
INSERT INTO stock_owned (client_id,stock_name,shares) VALUES (87505,"XNDXNNRHKD",313);
INSERT INTO stock_owned (client_id,stock_name,shares) VALUES (83886,"XNDXNNRCHF",192);
INSERT INTO stock_owned (client_id,stock_name,shares) VALUES (32473,"XNDXS2NNR",955);
INSERT INTO stock_owned (client_id,stock_name,shares) VALUES (14687,"XNDXT25E",761);
INSERT INTO stock_owned (client_id,stock_name,shares) VALUES (13512,"XNDXS1NNR",652);
INSERT INTO stock_owned (client_id,stock_name,shares) VALUES (19337,"XNDXS1NNR",528);
INSERT INTO stock_owned (client_id,stock_name,shares) VALUES (14687,"XNDXNNRS3",679);
INSERT INTO stock_owned (client_id,stock_name,shares) VALUES (11466,"XNDXS2",291);
